long,lat,group,order,region,subregion
-112.80717,25.50935,64,16111,alaska,NA
-112.82419,25.48194,64,16112,alaska,NA
-112.83997,25.34854,64,16113,alaska,NA
-112.87247,25.59103,64,16110,alaska,NA
-112.87504,25.29101,64,16114,alaska,NA
-112.88051,25.31472,64,16115,alaska,NA
-112.89106,25.73192,64,16107,alaska,NA
-112.89263,25.27232,64,16116,alaska,NA
-112.90557,25.66502,64,16109,alaska,NA
-112.90558,25.66503,64,16108,alaska,NA
-112.91118,25.28888,64,16118,alaska,NA
-112.9139,25.4915,64,16125,alaska,NA
-112.92834,25.2626,64,16119,alaska,NA
-112.92967,25.34167,64,16117,alaska,NA
-112.93265,25.80133,64,16106,alaska,NA
-112.93829,25.38299,64,16124,alaska,NA
-112.94265,25.46916,64,16132,alaska,NA
-112.94785,25.38612,64,16126,alaska,NA
-112.95051,25.27198,64,16120,alaska,NA
-112.95739,25.4841,64,16133,alaska,NA
-112.96742,25.39958,64,16127,alaska,NA
-112.96754,25.38366,64,16123,alaska,NA
-112.97146,25.32652,64,16121,alaska,NA
-112.98488,25.37168,64,16128,alaska,NA
-112.99204,25.33601,64,16122,alaska,NA
-112.99789,25.4557,64,16134,alaska,NA
-113.00256,25.78197,64,16105,alaska,NA
-113.01153,25.43974,64,16131,alaska,NA
-113.01665,25.37524,64,16129,alaska,NA
-113.02569,25.81672,64,16104,alaska,NA
-113.02703,25.39921,64,16130,alaska,NA
-113.02986,25.47815,73,17316,alaska,NA
-113.0324,25.42784,73,17318,alaska,NA
-113.04427,25.39574,73,17319,alaska,NA
-113.04452,25.47907,73,17317,alaska,NA
-113.05068,25.59662,64,16135,alaska,NA
-113.05358,25.57048,73,17315,alaska,NA
-113.06328,25.81344,64,16103,alaska,NA
-113.07001,25.6327,64,16137,alaska,NA
-113.07067,25.32265,92,17670,alaska,NA
-113.07303,25.42964,73,17321,alaska,NA
-113.07448,25.61735,64,16136,alaska,NA
-113.08411,25.39785,73,17320,alaska,NA
-113.08584,25.4128,73,17323,alaska,NA
-113.08604,25.62229,64,16138,alaska,NA
-113.08724,25.46511,73,17322,alaska,NA
-113.09254,25.30166,92,17671,alaska,NA
-113.09391,25.37946,92,17669,alaska,NA
-113.10047,25.4733,73,17325,alaska,NA
-113.10605,25.31011,92,17673,alaska,NA
-113.10726,25.84172,64,16102,alaska,NA
-113.11183,25.4626,73,17327,alaska,NA
-113.11636,25.32992,92,17672,alaska,NA
-113.11674,25.34475,92,17676,alaska,NA
-113.11844,25.29102,92,17674,alaska,NA
-113.11876,25.38686,92,17668,alaska,NA
-113.11876,25.38686,92,17678,alaska,NA
-113.12245,25.40384,73,17324,alaska,NA
-113.12551,25.732,64,16140,alaska,NA
-113.12859,25.42045,73,17328,alaska,NA
-113.13044,25.33155,92,17675,alaska,NA
-113.13291,25.43013,73,17331,alaska,NA
-113.13733,25.40365,73,17332,alaska,NA
-113.14211,25.54247,73,17326,alaska,NA
-113.14573,25.38453,92,17677,alaska,NA
-113.14844,25.49398,73,17329,alaska,NA
-113.14995,25.67109,64,16139,alaska,NA
-113.15403,25.66178,73,17314,alaska,NA
-113.15658,25.39364,93,17680,alaska,NA
-113.15832,25.40759,73,17302,alaska,NA
-113.15832,25.40759,73,17333,alaska,NA
-113.15866,25.46984,73,17330,alaska,NA
-113.16236,25.33241,93,17682,alaska,NA
-113.16995,25.83375,64,16101,alaska,NA
-113.1703,25.19178,66,17019,alaska,NA
-113.17072,25.15268,66,17021,alaska,NA
-113.17458,25.83513,64,16100,alaska,NA
-113.1746,25.65949,64,16141,alaska,NA
-113.18169,25.1847,66,17020,alaska,NA
-113.18321,25.37076,93,17681,alaska,NA
-113.18365,25.60681,73,17312,alaska,NA
-113.18677,25.56039,73,17308,alaska,NA
-113.18711,25.58454,73,17310,alaska,NA
-113.18767,25.22873,66,17017,alaska,NA
-113.1925,25.35338,93,17683,alaska,NA
-113.19319,25.48612,73,17304,alaska,NA
-113.19323,25.50692,73,17305,alaska,NA
-113.19789,25.66808,64,16142,alaska,NA
-113.20103,25.27658,66,17015,alaska,NA
-113.20445,25.22137,66,17018,alaska,NA
-113.20464,25.25241,66,17016,alaska,NA
-113.21496,25.50876,73,17306,alaska,NA
-113.21536,25.42617,93,17679,alaska,NA
-113.21536,25.42617,93,17685,alaska,NA
-113.21718,25.3013,66,17011,alaska,NA
-113.21904,25.53014,73,17307,alaska,NA
-113.21999,25.40697,93,17684,alaska,NA
-113.22061,25.62118,73,17313,alaska,NA
-113.22123,25.44122,73,17303,alaska,NA
-113.22565,25.34861,66,17010,alaska,NA
-113.22634,25.27381,66,17013,alaska,NA
-113.22866,25.17538,66,17023,alaska,NA
-113.2293,25.54897,73,17309,alaska,NA
-113.23566,25.14163,66,17022,alaska,NA
-113.23573,25.58719,73,17311,alaska,NA
-113.23864,25.29556,66,17012,alaska,NA
-113.24009,25.36248,66,17009,alaska,NA
-113.24037,25.74011,64,16160,alaska,NA
-113.24451,25.51907,64,16146,alaska,NA
-113.245,25.18834,66,17025,alaska,NA
-113.24733,25.57328,64,16144,alaska,NA
-113.24834,25.33131,66,17008,alaska,NA
-113.24994,25.48912,64,16147,alaska,NA
-113.2525,25.24691,66,17014,alaska,NA
-113.25499,25.35364,66,17005,alaska,NA
-113.25606,25.44733,64,16150,alaska,NA
-113.25947,25.16784,66,17024,alaska,NA
-113.2595,25.4834,64,16149,alaska,NA
-113.26122,25.53595,64,16145,alaska,NA
-113.28013,25.31801,66,17007,alaska,NA
-113.28132,25.38542,66,17004,alaska,NA
-113.28138,25.21058,66,17026,alaska,NA
-113.28394,25.50359,64,16148,alaska,NA
-113.28731,25.34028,66,17006,alaska,NA
-113.28791,25.58041,64,16143,alaska,NA
-113.28999,25.24457,66,17027,alaska,NA
-113.29291,25.42841,66,17078,alaska,NA
-113.29435,25.41446,66,17079,alaska,NA
-113.29609,25.19732,66,17028,alaska,NA
-113.29944,25.87298,64,16099,alaska,NA
-113.30244,25.22827,66,17029,alaska,NA
-113.30681,25.61829,64,16158,alaska,NA
-113.30818,25.3956,66,17003,alaska,NA
-113.30995,25.55249,64,16156,alaska,NA
-113.31039,25.24899,66,17034,alaska,NA
-113.31237,25.46592,64,16151,alaska,NA
-113.31271,25.09728,82,17572,alaska,NA
-113.31331,25.20396,66,17030,alaska,NA
-113.31337,25.40678,66,17001,alaska,NA
-113.32319,25.23402,66,17032,alaska,NA
-113.3267,25.51268,64,16154,alaska,NA
-113.32799,25.59906,64,16157,alaska,NA
-113.32858,25.70236,84,17601,alaska,NA
-113.32915,25.71478,64,16161,alaska,NA
-113.33082,25.43875,66,17077,alaska,NA
-113.33193,25.21239,66,17031,alaska,NA
-113.33306,25.68833,64,16159,alaska,NA
-113.33431,25.13066,82,17570,alaska,NA
-113.33439,25.23892,66,17033,alaska,NA
-113.33619,25.54185,64,16155,alaska,NA
-113.33982,25.51655,64,16153,alaska,NA
-113.34057,25.27069,66,17035,alaska,NA
-113.34065,25.11863,82,17571,alaska,NA
-113.34112,25.59136,80,17539,alaska,NA
-113.3462,25.28627,66,17037,alaska,NA
-113.34623,25.24483,66,17036,alaska,NA
-113.34705,25.66232,84,17602,alaska,NA
-113.34952,25.14868,82,17569,alaska,NA
-113.35074,25.51979,64,16152,alaska,NA
-113.35157,25.37178,66,17002,alaska,NA
-113.35307,25.09477,82,17573,alaska,NA
-113.3545,25.8532,64,16098,alaska,NA
-113.35655,25.60151,80,17540,alaska,NA
-113.35717,25.28384,66,17039,alaska,NA
-113.35736,25.75688,64,16162,alaska,NA
-113.35837,25.66051,80,17537,alaska,NA
-113.362,25.74722,84,17600,alaska,NA
-113.36499,25.41183,66,17000,alaska,NA
-113.36499,25.41183,66,17084,alaska,NA
-113.36511,25.48078,66,17076,alaska,NA
-113.36618,25.2691,66,17040,alaska,NA
-113.37178,25.46034,66,17075,alaska,NA
-113.37347,25.31146,66,17038,alaska,NA
-113.37452,25.64335,80,17538,alaska,NA
-113.37864,25.42693,66,17082,alaska,NA
-113.38387,25.14377,82,17575,alaska,NA
-113.38419,25.57202,80,17541,alaska,NA
-113.38579,25.92391,64,16097,alaska,NA
-113.38939,25.1244,82,17574,alaska,NA
-113.39257,25.43175,66,17081,alaska,NA
-113.39404,25.45327,66,17080,alaska,NA
-113.39536,25.2777,66,17041,alaska,NA
-113.39697,25.74267,84,17599,alaska,NA
-113.39904,25.75163,64,16163,alaska,NA
-113.40432,25.38237,66,17083,alaska,NA
-113.40568,25.52562,66,17074,alaska,NA
-113.40588,25.60995,80,17543,alaska,NA
-113.40754,25.58148,80,17542,alaska,NA
-113.41059,25.30699,66,17042,alaska,NA
-113.41292,25.68959,84,17603,alaska,NA
-113.41529,25.77976,64,16164,alaska,NA
-113.42022,25.2222,82,17567,alaska,NA
-113.42111,25.68083,80,17536,alaska,NA
-113.42821,25.70312,84,17604,alaska,NA
-113.42935,25.33442,66,17048,alaska,NA
-113.43134,25.67972,80,17534,alaska,NA
-113.4327,25.30479,66,17044,alaska,NA
-113.44334,25.72136,80,17533,alaska,NA
-113.44334,25.72136,80,17549,alaska,NA
-113.4438,25.93214,64,16096,alaska,NA
-113.44531,25.66265,80,17535,alaska,NA
-113.44618,25.27018,66,17043,alaska,NA
-113.44758,25.99843,64,16095,alaska,NA
-113.44832,25.77699,84,17598,alaska,NA
-113.44832,25.77699,84,17605,alaska,NA
-113.44885,25.16649,82,17576,alaska,NA
-113.44971,25.22252,82,17568,alaska,NA
-113.45582,25.79352,64,16165,alaska,NA
-113.45951,25.22591,82,17578,alaska,NA
-113.46098,25.83574,64,16166,alaska,NA
-113.46254,25.60132,80,17544,alaska,NA
-113.46388,25.33338,66,17049,alaska,NA
-113.46801,25.36058,66,17051,alaska,NA
-113.47006,25.714,80,17548,alaska,NA
-113.47239,25.27902,82,17566,alaska,NA
-113.47239,25.27902,82,17580,alaska,NA
-113.47344,25.43063,66,17054,alaska,NA
-113.47509,25.57392,66,17073,alaska,NA
-113.4764,25.66942,80,17547,alaska,NA
-113.47974,25.21696,82,17577,alaska,NA
-113.48204,25.61856,80,17545,alaska,NA
-113.48463,25.34743,66,17050,alaska,NA
-113.48819,25.24417,82,17579,alaska,NA
-113.49245,25.89842,64,16170,alaska,NA
-113.49462,25.66013,80,17546,alaska,NA
-113.49501,25.83868,64,16168,alaska,NA
-113.49585,25.67696,87,17627,alaska,NA
-113.49729,25.7285,87,17626,alaska,NA
-113.50025,25.79964,86,17616,alaska,NA
-113.50177,25.40054,66,17053,alaska,NA
-113.50254,25.2847,66,17045,alaska,NA
-113.50498,25.36591,66,17052,alaska,NA
-113.50764,25.32352,66,17047,alaska,NA
-113.508,26.0463,64,16093,alaska,NA
-113.50943,25.81664,64,16167,alaska,NA
-113.51388,25.86403,64,16171,alaska,NA
-113.51436,25.84965,64,16169,alaska,NA
-113.51693,25.30249,66,17046,alaska,NA
-113.51759,25.99706,64,16094,alaska,NA
-113.5227,25.74435,87,17625,alaska,NA
-113.5227,25.74435,87,17631,alaska,NA
-113.52748,25.65374,87,17628,alaska,NA
-113.53216,25.76338,86,17618,alaska,NA
-113.54139,25.38823,66,17055,alaska,NA
-113.54173,25.7538,86,17619,alaska,NA
-113.54338,25.77635,86,17617,alaska,NA
-113.55091,25.50948,66,17059,alaska,NA
-113.55157,26.08763,64,16092,alaska,NA
-113.55671,25.45236,66,17058,alaska,NA
-113.5569,25.57358,66,17072,alaska,NA
-113.55919,25.62217,66,17070,alaska,NA
-113.56672,25.39498,66,17056,alaska,NA
-113.57164,25.72597,87,17630,alaska,NA
-113.57417,25.6435,66,17069,alaska,NA
-113.57526,25.50924,66,17060,alaska,NA
-113.57676,25.59311,66,17071,alaska,NA
-113.57846,25.74847,86,17620,alaska,NA
-113.57984,25.88068,64,16172,alaska,NA
-113.58032,25.85771,86,17615,alaska,NA
-113.58032,25.85771,86,17624,alaska,NA
-113.58036,25.79838,86,17622,alaska,NA
-113.58371,25.4347,66,17057,alaska,NA
-113.58439,25.68018,87,17629,alaska,NA
-113.59,25.79267,74,17337,alaska,NA
-113.59127,25.77806,86,17621,alaska,NA
-113.59289,25.92374,64,16174,alaska,NA
-113.60129,25.53683,91,17660,alaska,NA
-113.60587,25.77669,74,17338,alaska,NA
-113.60616,25.59828,66,17061,alaska,NA
-113.60933,25.58796,91,17659,alaska,NA
-113.60933,25.58796,91,17667,alaska,NA
-113.60984,25.74451,74,17345,alaska,NA
-113.6109,25.66738,66,17068,alaska,NA
-113.6117,25.96778,64,16175,alaska,NA
-113.61477,25.87647,74,17335,alaska,NA
-113.61523,25.85098,86,17623,alaska,NA
-113.61933,25.71374,74,17346,alaska,NA
-113.62182,25.85326,74,17336,alaska,NA
-113.62314,25.93617,64,16176,alaska,NA
-113.62324,25.77691,74,17343,alaska,NA
-113.62676,25.91909,64,16173,alaska,NA
-113.63065,25.63715,66,17067,alaska,NA
-113.63631,25.76754,74,17344,alaska,NA
-113.6384,25.53709,91,17661,alaska,NA
-113.63908,25.6573,66,17066,alaska,NA
-113.64695,25.55964,91,17665,alaska,NA
-113.65349,25.91115,74,17334,alaska,NA
-113.65349,25.91115,74,17364,alaska,NA
-113.65467,25.77365,74,17342,alaska,NA
-113.65719,25.49048,91,17662,alaska,NA
-113.65737,25.80346,74,17341,alaska,NA
-113.6731,25.69793,74,17348,alaska,NA
-113.67947,25.8057,74,17340,alaska,NA
-113.67997,25.56747,91,17666,alaska,NA
-113.68041,25.71446,74,17347,alaska,NA
-113.68485,25.96783,64,16178,alaska,NA
-113.68615,25.54009,91,17664,alaska,NA
-113.68685,25.63127,66,17064,alaska,NA
-113.6869,25.94166,64,16177,alaska,NA
-113.68815,25.59542,66,17062,alaska,NA
-113.69122,25.8777,74,17362,alaska,NA
-113.69395,25.48019,91,17663,alaska,NA
-113.69464,26.05317,64,16186,alaska,NA
-113.6959,25.97241,64,16179,alaska,NA
-113.69891,25.61962,66,17063,alaska,NA
-113.70083,25.84177,74,17339,alaska,NA
-113.70194,26.10745,64,16196,alaska,NA
-113.70196,25.64711,66,17065,alaska,NA
-113.70381,25.68036,74,17349,alaska,NA
-113.70667,25.90552,74,17363,alaska,NA
-113.7125,25.90101,74,17361,alaska,NA
-113.71461,25.97017,64,16180,alaska,NA
-113.71734,25.93907,64,16181,alaska,NA
-113.72004,25.67948,74,17350,alaska,NA
-113.72562,26.00735,64,16185,alaska,NA
-113.72598,26.02233,64,16187,alaska,NA
-113.73244,25.72333,74,17351,alaska,NA
-113.7336,25.73498,74,17353,alaska,NA
-113.74249,25.72254,74,17352,alaska,NA
-113.74594,25.60664,76,17461,alaska,NA
-113.74606,25.73358,76,17454,alaska,NA
-113.74714,25.58416,76,17464,alaska,NA
-113.74803,25.52779,76,17415,alaska,NA
-113.74803,25.52779,76,17466,alaska,NA
-113.75177,25.71637,76,17455,alaska,NA
-113.75672,25.6655,76,17459,alaska,NA
-113.75733,25.57181,76,17465,alaska,NA
-113.7577,25.76105,74,17354,alaska,NA
-113.76206,26.05978,64,16189,alaska,NA
-113.76415,26.22641,64,16199,alaska,NA
-113.76604,25.53195,76,17416,alaska,NA
-113.76949,25.79276,76,17452,alaska,NA
-113.76974,25.48873,76,17421,alaska,NA
-113.77,25.82923,74,17355,alaska,NA
-113.77239,25.59476,76,17463,alaska,NA
-113.77255,26.02165,64,16188,alaska,NA
-113.77285,25.75919,76,17453,alaska,NA
-113.77302,25.95167,64,16182,alaska,NA
-113.77327,25.65643,76,17460,alaska,NA
-113.77347,25.99464,64,16184,alaska,NA
-113.77387,26.11741,64,16192,alaska,NA
-113.77505,25.71399,76,17457,alaska,NA
-113.77938,25.62724,76,17462,alaska,NA
-113.77946,25.95315,64,16183,alaska,NA
-113.78152,25.80382,74,17356,alaska,NA
-113.78195,25.53872,76,17420,alaska,NA
-113.78304,25.68358,76,17458,alaska,NA
-113.78675,25.55326,76,17418,alaska,NA
-113.78684,25.83766,74,17358,alaska,NA
-113.78991,26.05232,64,16190,alaska,NA
-113.79147,25.60642,76,17417,alaska,NA
-113.79511,25.76812,76,17450,alaska,NA
-113.79571,25.72462,76,17456,alaska,NA
-113.7958,25.62374,76,17431,alaska,NA
-113.79757,26.32657,64,16091,alaska,NA
-113.80116,25.50627,76,17422,alaska,NA
-113.80401,25.6684,76,17432,alaska,NA
-113.8045,25.54059,76,17423,alaska,NA
-113.80528,25.54861,76,17419,alaska,NA
-113.80552,25.7986,76,17451,alaska,NA
-113.80609,26.08731,64,16191,alaska,NA
-113.80639,26.33219,64,16090,alaska,NA
-113.80683,25.76126,76,17448,alaska,NA
-113.81301,25.63684,76,17430,alaska,NA
-113.81367,25.59794,76,17425,alaska,NA
-113.81675,25.79276,76,17447,alaska,NA
-113.81947,25.82957,74,17357,alaska,NA
-113.82003,25.61972,76,17429,alaska,NA
-113.8205,25.69402,76,17433,alaska,NA
-113.82107,25.73025,76,17449,alaska,NA
-113.8272,25.66502,76,17434,alaska,NA
-113.82748,26.09294,64,16193,alaska,NA
-113.83042,25.57272,76,17424,alaska,NA
-113.83139,25.64389,76,17428,alaska,NA
-113.83339,25.72455,76,17436,alaska,NA
-113.83589,25.8996,74,17360,alaska,NA
-113.83759,25.5846,76,17426,alaska,NA
-113.83858,25.81505,76,17446,alaska,NA
-113.84075,26.16717,64,16197,alaska,NA
-113.84433,25.60825,76,17427,alaska,NA
-113.85051,26.11173,64,16194,alaska,NA
-113.85255,26.22328,64,16200,alaska,NA
-113.85397,26.13917,64,16195,alaska,NA
-113.85624,26.21995,64,16198,alaska,NA
-113.85848,26.36559,64,16089,alaska,NA
-113.85849,25.86472,74,17359,alaska,NA
-113.85894,25.79667,76,17444,alaska,NA
-113.86198,26.22297,64,16201,alaska,NA
-113.86224,25.99781,69,17223,alaska,NA
-113.86503,25.70379,76,17437,alaska,NA
-113.86597,25.73395,76,17438,alaska,NA
-113.86878,26.03809,69,17216,alaska,NA
-113.87109,25.68126,76,17435,alaska,NA
-113.8726,26.01916,69,17222,alaska,NA
-113.8729,26.16622,64,16202,alaska,NA
-113.87312,26.0912,69,17202,alaska,NA
-113.87569,25.97265,69,17171,alaska,NA
-113.87569,25.97265,69,17224,alaska,NA
-113.88358,25.7161,76,17439,alaska,NA
-113.88679,26.22167,64,16205,alaska,NA
-113.88875,25.76921,76,17442,alaska,NA
-113.89147,26.42643,64,16088,alaska,NA
-113.8924,26.25001,64,16206,alaska,NA
-113.89399,26.0242,69,17220,alaska,NA
-113.89518,26.00958,69,17221,alaska,NA
-113.89701,25.94829,69,17173,alaska,NA
-113.89849,26.1133,69,17201,alaska,NA
-113.90148,25.82143,76,17445,alaska,NA
-113.90318,25.5149,72,17262,alaska,NA
-113.90318,25.5149,72,17301,alaska,NA
-113.90553,26.09081,69,17215,alaska,NA
-113.90614,25.73484,76,17440,alaska,NA
-113.90691,26.29858,64,16208,alaska,NA
-113.90904,25.80222,76,17443,alaska,NA
-113.91112,26.23571,64,16204,alaska,NA
-113.91185,26.03129,69,17218,alaska,NA
-113.91491,26.15771,69,17200,alaska,NA
-113.91662,26.25957,64,16207,alaska,NA
-113.91702,26.11249,69,17203,alaska,NA
-113.92114,25.78247,76,17441,alaska,NA
-113.92227,26.02376,69,17219,alaska,NA
-113.92236,26.03856,69,17217,alaska,NA
-113.92403,26.21698,64,16203,alaska,NA
-113.92972,25.99018,69,17172,alaska,NA
-113.93401,26.10721,69,17213,alaska,NA
-113.93504,26.22265,64,16209,alaska,NA
-113.93632,26.09138,69,17214,alaska,NA
-113.93651,25.86797,69,17174,alaska,NA
-113.95288,25.7213,72,17300,alaska,NA
-113.95702,25.98404,69,17183,alaska,NA
-113.95825,25.95975,69,17182,alaska,NA
-113.96586,26.42785,64,16215,alaska,NA
-113.97965,25.94734,69,17180,alaska,NA
-113.98024,26.25274,64,16210,alaska,NA
-113.98169,25.82701,69,17175,alaska,NA
-113.98233,25.90958,69,17178,alaska,NA
-113.9839,26.03853,69,17186,alaska,NA
-113.98655,26.34266,64,16212,alaska,NA
-113.98905,25.88011,69,17176,alaska,NA
-113.98937,26.21398,69,17205,alaska,NA
-113.99133,25.97604,69,17184,alaska,NA
-113.99179,26.15972,69,17212,alaska,NA
-113.99417,26.41145,64,16214,alaska,NA
-113.99778,25.69445,72,17264,alaska,NA
-113.9985,26.14528,69,17211,alaska,NA
-113.99921,26.50019,64,16087,alaska,NA
-114.00051,26.32236,64,16211,alaska,NA
-114.00109,26.20291,69,17209,alaska,NA
-114.00166,26.36965,64,16213,alaska,NA
-114.0021,25.92445,69,17179,alaska,NA
-114.00302,26.24526,69,17199,alaska,NA
-114.00551,26.40672,64,16216,alaska,NA
-114.00735,25.90123,69,17177,alaska,NA
-114.00812,26.22129,69,17204,alaska,NA
-114.00914,26.27355,69,17198,alaska,NA
-114.00915,25.97017,69,17181,alaska,NA
-114.01409,26.28672,64,16217,alaska,NA
-114.01435,26.22015,69,17207,alaska,NA
-114.01634,25.66517,72,17265,alaska,NA
-114.01904,25.69809,72,17266,alaska,NA
-114.02175,26.20222,69,17210,alaska,NA
-114.02262,26.00505,69,17185,alaska,NA
-114.02366,25.62505,72,17263,alaska,NA
-114.02444,26.0109,69,17187,alaska,NA
-114.02623,26.21684,69,17208,alaska,NA
-114.02883,25.69807,72,17267,alaska,NA
-114.03066,26.24058,69,17206,alaska,NA
-114.03114,26.28114,94,17687,alaska,NA
-114.03527,25.71184,72,17270,alaska,NA
-114.04519,25.64675,72,17268,alaska,NA
-114.05215,25.90124,72,17299,alaska,NA
-114.05281,26.04297,69,17188,alaska,NA
-114.05337,25.67056,72,17269,alaska,NA
-114.06823,25.67047,72,17271,alaska,NA
-114.06921,25.73039,72,17272,alaska,NA
-114.07106,25.98801,67,17090,alaska,NA
-114.07519,25.92698,72,17295,alaska,NA
-114.08262,25.92138,72,17297,alaska,NA
-114.0877,25.90964,72,17298,alaska,NA
-114.09522,25.7057,72,17273,alaska,NA
-114.0958,25.92633,72,17296,alaska,NA
-114.09628,26.52374,64,16086,alaska,NA
-114.09757,26.3186,94,17686,alaska,NA
-114.09757,26.3186,94,17690,alaska,NA
-114.098,26.32473,64,16218,alaska,NA
-114.09926,25.80379,72,17277,alaska,NA
-114.10216,25.94703,72,17294,alaska,NA
-114.10439,25.96646,67,17091,alaska,NA
-114.10603,26.27663,94,17688,alaska,NA
-114.11087,25.74422,72,17275,alaska,NA
-114.11421,26.24472,69,17197,alaska,NA
-114.11976,26.08161,67,17089,alaska,NA
-114.12187,25.71793,72,17274,alaska,NA
-114.12471,26.24909,69,17190,alaska,NA
-114.12479,26.5586,64,16085,alaska,NA
-114.12618,26.19454,69,17189,alaska,NA
-114.12781,26.29621,94,17689,alaska,NA
-114.12821,26.10039,67,17137,alaska,NA
-114.12882,26.11315,67,17135,alaska,NA
-114.12928,26.21756,69,17191,alaska,NA
-114.13141,25.76778,72,17276,alaska,NA
-114.13289,25.8454,72,17280,alaska,NA
-114.13546,26.14657,67,17133,alaska,NA
-114.14164,26.0848,67,17138,alaska,NA
-114.14381,25.96651,72,17292,alaska,NA
-114.14417,26.12682,67,17134,alaska,NA
-114.14556,25.80891,72,17278,alaska,NA
-114.14557,25.94477,72,17293,alaska,NA
-114.1516,26.32073,64,16219,alaska,NA
-114.15169,25.83,72,17279,alaska,NA
-114.15338,26.18362,67,17132,alaska,NA
-114.1543,26.29686,69,17196,alaska,NA
-114.15653,25.87216,72,17282,alaska,NA
-114.16099,25.83203,72,17281,alaska,NA
-114.16276,26.2672,69,17193,alaska,NA
-114.16444,26.24734,69,17192,alaska,NA
-114.16543,26.35978,64,16220,alaska,NA
-114.1666,26.61006,64,16084,alaska,NA
-114.16999,25.96922,72,17290,alaska,NA
-114.17873,26.27358,69,17194,alaska,NA
-114.17948,25.97798,72,17289,alaska,NA
-114.18776,25.93868,72,17291,alaska,NA
-114.18779,26.60559,64,16083,alaska,NA
-114.18779,26.07315,67,17139,alaska,NA
-114.18811,25.81657,88,17635,alaska,NA
-114.19317,25.76591,88,17636,alaska,NA
-114.19355,26.31904,69,17195,alaska,NA
-114.19392,25.90227,72,17285,alaska,NA
-114.19505,25.85421,72,17283,alaska,NA
-114.19774,26.13435,67,17136,alaska,NA
-114.1999,25.85266,88,17633,alaska,NA
-114.20206,26.05936,67,17087,alaska,NA
-114.20227,26.24774,64,16243,alaska,NA
-114.20705,26.0444,67,17088,alaska,NA
-114.20904,26.41272,64,16222,alaska,NA
-114.21374,25.93035,72,17287,alaska,NA
-114.21444,25.84967,88,17634,alaska,NA
-114.21521,26.07237,67,17086,alaska,NA
-114.21849,25.95717,72,17288,alaska,NA
-114.22059,25.93776,67,17098,alaska,NA
-114.22315,26.64007,64,16082,alaska,NA
-114.22364,26.32205,64,16242,alaska,NA
-114.22509,25.81906,88,17639,alaska,NA
-114.22604,26.41334,64,16221,alaska,NA
-114.22645,25.90956,72,17286,alaska,NA
-114.23017,25.96645,67,17097,alaska,NA
-114.23203,26.4687,64,16223,alaska,NA
-114.23513,25.74802,88,17637,alaska,NA
-114.23553,25.88913,72,17284,alaska,NA
-114.23805,25.98389,67,17095,alaska,NA
-114.23842,25.87674,88,17632,alaska,NA
-114.23842,25.87674,88,17642,alaska,NA
-114.24034,25.89428,67,17099,alaska,NA
-114.24078,26.43562,64,16224,alaska,NA
-114.24151,25.78384,88,17638,alaska,NA
-114.24889,25.81708,88,17640,alaska,NA
-114.25217,25.96537,67,17096,alaska,NA
-114.2567,26.19582,67,17131,alaska,NA
-114.25763,26.39144,64,16240,alaska,NA
-114.2578,26.24498,64,16244,alaska,NA
-114.26507,26.37199,64,16241,alaska,NA
-114.26632,25.916,67,17102,alaska,NA
-114.26879,25.86838,88,17641,alaska,NA
-114.27361,26.00791,67,17093,alaska,NA
-114.27426,25.89514,67,17100,alaska,NA
-114.27458,26.46729,64,16225,alaska,NA
-114.2752,26.1971,67,17125,alaska,NA
-114.2789,26.63894,64,16081,alaska,NA
-114.28846,26.11055,67,17130,alaska,NA
-114.28907,26.14934,67,17126,alaska,NA
-114.2895,26.13576,67,17128,alaska,NA
-114.2902,26.51564,64,16226,alaska,NA
-114.29035,26.66306,64,16080,alaska,NA
-114.29096,25.98964,67,17094,alaska,NA
-114.29233,26.52223,64,16227,alaska,NA
-114.29415,26.27725,64,16247,alaska,NA
-114.29706,26.67721,64,16079,alaska,NA
-114.30296,26.03508,67,17092,alaska,NA
-114.30583,26.31479,64,16245,alaska,NA
-114.30606,26.31513,64,16246,alaska,NA
-114.31129,26.7052,64,16077,alaska,NA
-114.31919,25.97285,67,17104,alaska,NA
-114.31942,26.7409,64,16076,alaska,NA
-114.32085,26.68518,64,16078,alaska,NA
-114.32136,25.93114,67,17101,alaska,NA
-114.32156,26.11614,67,17129,alaska,NA
-114.32528,26.1404,67,17127,alaska,NA
-114.32957,26.54764,64,16235,alaska,NA
-114.33169,26.28673,64,16248,alaska,NA
-114.33432,26.49736,64,16239,alaska,NA
-114.34074,25.95897,67,17103,alaska,NA
-114.34122,26.11324,67,17085,alaska,NA
-114.34122,26.11324,67,17141,alaska,NA
-114.34158,26.11337,67,17140,alaska,NA
-114.34458,26.54649,64,16238,alaska,NA
-114.35035,26.22472,67,17124,alaska,NA
-114.35136,26.58957,64,16234,alaska,NA
-114.35364,25.96395,67,17105,alaska,NA
-114.35368,25.98974,67,17106,alaska,NA
-114.35704,26.05193,67,17113,alaska,NA
-114.35714,26.052,67,17114,alaska,NA
-114.35715,26.05198,67,17112,alaska,NA
-114.35717,26.05199,67,17111,alaska,NA
-114.36015,26.61405,64,16228,alaska,NA
-114.36186,26.58353,64,16236,alaska,NA
-114.3654,26.64033,64,16229,alaska,NA
-114.36968,26.62391,64,16232,alaska,NA
-114.37132,26.64455,64,16231,alaska,NA
-114.37383,26.17217,67,17123,alaska,NA
-114.3747,26.68691,64,16230,alaska,NA
-114.37849,26.29257,64,16252,alaska,NA
-114.38351,26.28784,64,16250,alaska,NA
-114.38479,26.257,64,16249,alaska,NA
-114.38615,26.34188,64,16254,alaska,NA
-114.39176,26.12694,67,17120,alaska,NA
-114.39184,26.01949,67,17107,alaska,NA
-114.39228,26.58773,64,16237,alaska,NA
-114.39779,26.3298,64,16253,alaska,NA
-114.39809,26.28284,64,16251,alaska,NA
-114.40127,26.62048,64,16233,alaska,NA
-114.4045,26.45517,64,16256,alaska,NA
-114.40779,26.25097,64,16292,alaska,NA
-114.40854,26.18619,67,17122,alaska,NA
-114.41283,26.13064,67,17119,alaska,NA
-114.41451,26.23148,64,16293,alaska,NA
-114.4191,26.16711,67,17121,alaska,NA
-114.43029,26.29546,64,16291,alaska,NA
-114.43063,26.13532,67,17116,alaska,NA
-114.4314,26.09044,67,17110,alaska,NA
-114.43184,26.80237,64,16075,alaska,NA
-114.43339,26.02807,67,17109,alaska,NA
-114.43356,26.0229,67,17108,alaska,NA
-114.44188,26.30909,64,16289,alaska,NA
-114.4423,26.17714,67,17118,alaska,NA
-114.44477,26.45073,64,16257,alaska,NA
-114.45091,26.21048,64,16294,alaska,NA
-114.45467,26.42374,64,16258,alaska,NA
-114.45626,26.28923,64,16290,alaska,NA
-114.45645,26.40886,64,16255,alaska,NA
-114.45786,26.17064,67,17117,alaska,NA
-114.45886,26.44698,64,16259,alaska,NA
-114.46383,26.12779,67,17115,alaska,NA
-114.46551,26.42164,64,16264,alaska,NA
-114.46724,26.20193,64,16301,alaska,NA
-114.46737,26.24153,64,16295,alaska,NA
-114.47513,26.76828,64,16074,alaska,NA
-114.4752,26.44778,64,16263,alaska,NA
-114.48084,26.37555,64,16265,alaska,NA
-114.48221,26.45422,64,16261,alaska,NA
-114.48379,26.2275,64,16300,alaska,NA
-114.48689,26.33979,64,16288,alaska,NA
-114.48854,26.31272,64,16287,alaska,NA
-114.4947,26.2086,64,16299,alaska,NA
-114.4953,26.48341,64,16260,alaska,NA
-114.4963,26.40019,64,16267,alaska,NA
-114.49766,26.44,64,16262,alaska,NA
-114.49796,26.34529,64,16285,alaska,NA
-114.50174,26.22674,64,16297,alaska,NA
-114.50344,26.17576,64,16304,alaska,NA
-114.50945,26.24711,64,16296,alaska,NA
-114.51351,26.21942,64,16298,alaska,NA
-114.51611,26.33323,64,16283,alaska,NA
-114.51826,26.38734,64,16266,alaska,NA
-114.51888,26.1557,64,16305,alaska,NA
-114.52115,26.21089,64,16302,alaska,NA
-114.52876,26.30876,64,16286,alaska,NA
-114.53008,26.20148,64,16303,alaska,NA
-114.53122,26.18525,64,16307,alaska,NA
-114.53444,26.16619,64,16306,alaska,NA
-114.53573,26.36151,64,16284,alaska,NA
-114.53657,26.34143,64,16282,alaska,NA
-114.53678,26.37793,64,16280,alaska,NA
-114.54138,26.39506,64,16268,alaska,NA
-114.55413,26.44128,64,16269,alaska,NA
-114.55491,26.66112,64,16072,alaska,NA
-114.55948,26.39003,64,16279,alaska,NA
-114.56651,26.18357,64,16308,alaska,NA
-114.56795,26.41817,64,16270,alaska,NA
-114.57039,26.38078,64,16281,alaska,NA
-114.57271,26.41377,64,16272,alaska,NA
-114.57675,26.20615,64,16309,alaska,NA
-114.57846,26.56215,64,16070,alaska,NA
-114.5787,26.18961,64,16310,alaska,NA
-114.58083,26.55214,64,16069,alaska,NA
-114.58144,26.40508,64,16273,alaska,NA
-114.58356,26.68384,64,16073,alaska,NA
-114.59102,26.50938,64,16068,alaska,NA
-114.595,26.62863,64,16071,alaska,NA
-114.59525,26.20708,64,16311,alaska,NA
-114.60239,26.44974,64,16271,alaska,NA
-114.62287,26.1946,64,16312,alaska,NA
-114.63352,26.40579,64,16275,alaska,NA
-114.63587,26.49861,64,16067,alaska,NA
-114.64752,26.38958,64,16278,alaska,NA
-114.65746,26.39414,64,16276,alaska,NA
-114.66852,26.3556,64,16277,alaska,NA
-114.67566,26.44889,64,16274,alaska,NA
-114.71756,26.27968,64,16314,alaska,NA
-114.74395,26.36973,64,16066,alaska,NA
-114.74973,26.24786,64,16313,alaska,NA
-114.76005,26.25457,64,16315,alaska,NA
-114.7975,26.48683,64,16065,alaska,NA
-114.82701,26.30658,64,16316,alaska,NA
-114.84377,26.34474,64,16317,alaska,NA
-114.92426,26.39275,64,16318,alaska,NA
-114.96298,26.42859,64,16321,alaska,NA
-114.96803,26.39925,64,16320,alaska,NA
-114.98875,26.3934,64,16319,alaska,NA
-114.99502,26.40063,64,16322,alaska,NA
-115.04385,26.63745,64,16064,alaska,NA
-115.06895,26.68352,64,16063,alaska,NA
-115.10069,26.63702,64,16339,alaska,NA
-115.10521,26.44081,64,16324,alaska,NA
-115.12228,26.43987,64,16323,alaska,NA
-115.13288,26.46211,64,16325,alaska,NA
-115.14481,26.44618,64,16326,alaska,NA
-115.15106,26.55111,64,16337,alaska,NA
-115.15902,26.55192,64,16334,alaska,NA
-115.15967,26.5317,64,16336,alaska,NA
-115.17183,26.64538,64,16340,alaska,NA
-115.17308,26.54182,64,16335,alaska,NA
-115.17698,26.83272,64,16061,alaska,NA
-115.17809,26.62868,64,16338,alaska,NA
-115.18029,26.72916,64,16062,alaska,NA
-115.18194,26.58637,64,16333,alaska,NA
-115.18274,26.63728,64,16332,alaska,NA
-115.20629,26.57453,64,16329,alaska,NA
-115.21885,26.53368,64,16328,alaska,NA
-115.23035,26.67742,64,16331,alaska,NA
-115.24064,26.70083,64,16341,alaska,NA
-115.2475,26.65953,64,16342,alaska,NA
-115.24863,26.63445,64,16330,alaska,NA
-115.26538,26.4934,64,16327,alaska,NA
-115.28648,26.60198,64,16343,alaska,NA
-115.29375,26.80218,64,16060,alaska,NA
-115.3413,26.73227,64,16059,alaska,NA
-115.38917,26.53106,64,16344,alaska,NA
-115.44138,26.75853,64,16058,alaska,NA
-115.44898,26.72284,64,16057,alaska,NA
-115.51367,26.54601,64,16345,alaska,NA
-115.54669,26.73582,64,16056,alaska,NA
-115.54673,26.73583,64,16055,alaska,NA
-115.57609,26.60127,64,16347,alaska,NA
-115.58635,26.63611,64,16348,alaska,NA
-115.60378,26.61414,64,16351,alaska,NA
-115.60689,26.55791,64,16346,alaska,NA
-115.61239,26.65699,64,16349,alaska,NA
-115.62778,26.6454,64,16350,alaska,NA
-115.65093,27.33261,64,16054,alaska,NA
-115.66381,26.57441,64,16352,alaska,NA
-115.86903,26.59699,64,16353,alaska,NA
-115.89063,28.81526,64,16053,alaska,NA
-116.03235,29.78688,64,16052,alaska,NA
-116.0909,26.51168,64,16354,alaska,NA
-116.09442,30.24242,64,16050,alaska,NA
-116.09442,30.2424,64,16051,alaska,NA
-116.11598,26.52789,64,16356,alaska,NA
-116.12694,30.24807,64,16048,alaska,NA
-116.13073,30.23277,64,16047,alaska,NA
-116.13995,30.25287,64,16049,alaska,NA
-116.14385,26.51904,64,16355,alaska,NA
-116.14932,30.23199,64,16046,alaska,NA
-116.16061,26.58267,64,16358,alaska,NA
-116.16992,26.55881,64,16357,alaska,NA
-116.20432,30.27392,64,16045,alaska,NA
-116.23496,26.56396,64,16359,alaska,NA
-116.26366,26.59501,64,16360,alaska,NA
-116.26773,26.76448,64,16366,alaska,NA
-116.28373,30.28841,64,16044,alaska,NA
-116.29051,26.65866,64,16362,alaska,NA
-116.29091,26.67467,64,16363,alaska,NA
-116.29414,26.74006,64,16365,alaska,NA
-116.29426,26.74637,64,16367,alaska,NA
-116.30287,26.71158,64,16368,alaska,NA
-116.30871,26.66608,64,16364,alaska,NA
-116.31094,26.59704,64,16361,alaska,NA
-116.3357,30.33952,64,16043,alaska,NA
-116.36969,26.61417,64,16369,alaska,NA
-116.39338,26.60414,64,16370,alaska,NA
-116.43568,30.33819,64,16041,alaska,NA
-116.43643,30.36736,64,16042,alaska,NA
-116.44562,30.36233,64,16040,alaska,NA
-116.45731,26.63947,64,16371,alaska,NA
-116.46067,26.71833,64,16373,alaska,NA
-116.49442,26.70797,64,16375,alaska,NA
-116.50426,26.72166,64,16377,alaska,NA
-116.50503,30.34998,64,16039,alaska,NA
-116.50595,26.6921,64,16374,alaska,NA
-116.50699,26.70327,64,16376,alaska,NA
-116.51275,26.63174,64,16372,alaska,NA
-116.51924,26.72331,64,16379,alaska,NA
-116.52874,26.692,64,16378,alaska,NA
-116.53819,30.32461,64,16037,alaska,NA
-116.53871,26.73491,64,16381,alaska,NA
-116.53998,26.59868,90,17652,alaska,NA
-116.53998,26.59868,90,17658,alaska,NA
-116.54263,30.30022,64,16036,alaska,NA
-116.54497,30.33621,64,16038,alaska,NA
-116.54557,26.7554,64,16382,alaska,NA
-116.55141,30.32963,64,16035,alaska,NA
-116.55638,26.76771,64,16388,alaska,NA
-116.58006,26.68842,64,16380,alaska,NA
-116.5857,26.78637,64,16389,alaska,NA
-116.58582,26.72029,64,16383,alaska,NA
-116.59474,26.73901,64,16384,alaska,NA
-116.59555,26.85981,64,16399,alaska,NA
-116.60816,26.87565,64,16400,alaska,NA
-116.6082,26.75528,64,16390,alaska,NA
-116.61438,26.57864,90,17655,alaska,NA
-116.62627,26.69777,64,16385,alaska,NA
-116.63192,26.52604,90,17653,alaska,NA
-116.63713,26.62022,90,17657,alaska,NA
-116.64845,26.54313,90,17654,alaska,NA
-116.65412,26.83188,64,16397,alaska,NA
-116.65468,26.79442,64,16394,alaska,NA
-116.65807,26.74828,64,16391,alaska,NA
-116.65873,26.77017,64,16392,alaska,NA
-116.65927,26.70156,64,16386,alaska,NA
-116.66079,26.57524,90,17656,alaska,NA
-116.66214,26.86863,64,16401,alaska,NA
-116.66734,26.71812,64,16387,alaska,NA
-116.66867,30.27683,64,16034,alaska,NA
-116.67088,26.84313,64,16398,alaska,NA
-116.67303,26.83025,64,16396,alaska,NA
-116.67875,26.8059,64,16395,alaska,NA
-116.68774,26.79481,64,16393,alaska,NA
-116.69895,26.53596,81,17550,alaska,NA
-116.69895,26.53596,81,17565,alaska,NA
-116.7148,26.55569,81,17563,alaska,NA
-116.72721,26.78604,64,16402,alaska,NA
-116.72957,26.52598,81,17564,alaska,NA
-116.7337,26.80967,64,16404,alaska,NA
-116.74066,26.78939,64,16403,alaska,NA
-116.74706,26.51392,81,17561,alaska,NA
-116.75097,26.55526,81,17562,alaska,NA
-116.75186,26.46813,81,17551,alaska,NA
-116.75542,26.81004,64,16405,alaska,NA
-116.76084,30.30185,64,16033,alaska,NA
-116.76451,26.78347,64,16406,alaska,NA
-116.76853,26.40629,81,17553,alaska,NA
-116.77299,26.42568,81,17552,alaska,NA
-116.77515,26.80864,64,16407,alaska,NA
-116.78205,26.77568,64,16409,alaska,NA
-116.7879,26.36247,81,17555,alaska,NA
-116.78839,26.80226,64,16408,alaska,NA
-116.79267,26.39207,81,17554,alaska,NA
-116.79543,30.33807,64,16032,alaska,NA
-116.80171,26.75505,64,16410,alaska,NA
-116.80802,26.79295,64,16412,alaska,NA
-116.81903,26.75993,64,16411,alaska,NA
-116.81904,26.80238,64,16414,alaska,NA
-116.82155,26.7802,64,16413,alaska,NA
-116.83009,26.82517,64,16416,alaska,NA
-116.83013,26.39676,81,17559,alaska,NA
-116.83685,26.40704,81,17560,alaska,NA
-116.83723,26.76095,64,16415,alaska,NA
-116.84199,26.36566,81,17557,alaska,NA
-116.84546,26.85445,64,16417,alaska,NA
-116.84611,26.74211,64,16421,alaska,NA
-116.85052,26.8031,64,16418,alaska,NA
-116.85259,26.79586,64,16420,alaska,NA
-116.85462,26.37481,81,17558,alaska,NA
-116.86417,26.79964,64,16419,alaska,NA
-116.87101,26.77189,64,16423,alaska,NA
-116.87181,26.32207,81,17556,alaska,NA
-116.87183,26.74777,64,16422,alaska,NA
-116.87414,26.7281,64,16425,alaska,NA
-116.87597,26.8701,64,16428,alaska,NA
-116.88315,26.89769,64,16430,alaska,NA
-116.88665,26.74074,64,16424,alaska,NA
-116.8877,26.87195,64,16429,alaska,NA
-116.89615,26.72357,64,16426,alaska,NA
-116.8985,26.57962,64,16464,alaska,NA
-116.9248,26.54852,64,16465,alaska,NA
-116.92483,26.48564,64,16478,alaska,NA
-116.93307,26.6296,64,16463,alaska,NA
-116.93376,26.53347,64,16467,alaska,NA
-116.93539,26.76449,64,16427,alaska,NA
-116.93739,26.47211,64,16476,alaska,NA
-116.93826,26.79089,64,16431,alaska,NA
-116.93979,26.44555,64,16479,alaska,NA
-116.94105,26.45357,64,16477,alaska,NA
-116.94403,26.55579,64,16466,alaska,NA
-116.94404,26.58857,64,16462,alaska,NA
-116.94527,26.49396,64,16474,alaska,NA
-116.9482,26.52587,64,16469,alaska,NA
-116.94841,26.61081,64,16461,alaska,NA
-116.9537,26.63684,64,16452,alaska,NA
-116.95379,26.48101,64,16475,alaska,NA
-116.95648,26.54013,64,16468,alaska,NA
-116.95714,26.80728,64,16436,alaska,NA
-116.95755,26.59339,64,16460,alaska,NA
-116.95776,26.56597,64,16459,alaska,NA
-116.95888,26.82713,64,16432,alaska,NA
-116.96412,26.69053,64,16451,alaska,NA
-116.96508,26.49031,64,16470,alaska,NA
-116.96515,26.46022,64,16480,alaska,NA
-116.97204,26.76089,64,16437,alaska,NA
-116.97323,26.48163,64,16472,alaska,NA
-116.97685,26.74774,64,16439,alaska,NA
-116.97697,26.59864,64,16453,alaska,NA
-116.97889,26.37263,64,16482,alaska,NA
-116.98071,26.50107,64,16471,alaska,NA
-116.98193,26.71721,64,16440,alaska,NA
-116.98338,26.40103,64,16481,alaska,NA
-116.98652,26.70603,64,16442,alaska,NA
-116.98665,26.4589,64,16473,alaska,NA
-116.98901,26.76418,64,16438,alaska,NA
-116.99142,26.69029,64,16449,alaska,NA
-116.99614,26.79497,64,16434,alaska,NA
-116.9967,26.63171,64,16450,alaska,NA
-116.99777,26.72063,64,16441,alaska,NA
-117.0002,26.59866,64,16458,alaska,NA
-117.00131,26.37307,64,16484,alaska,NA
-117.00299,26.39962,64,16483,alaska,NA
-117.00541,26.79729,64,16433,alaska,NA
-117.00604,26.76952,64,16435,alaska,NA
-117.00678,26.70003,64,16444,alaska,NA
-117.00815,26.61148,64,16454,alaska,NA
-117.00858,26.3663,64,16485,alaska,NA
-117.01982,26.35584,64,16486,alaska,NA
-117.03718,26.5663,64,16455,alaska,NA
-117.03815,26.56221,64,16457,alaska,NA
-117.04049,26.67546,64,16445,alaska,NA
-117.04189,26.66627,64,16446,alaska,NA
-117.0425,26.55804,64,16456,alaska,NA
-117.04288,26.64553,64,16448,alaska,NA
-117.04539,26.64335,64,16447,alaska,NA
-117.05385,30.32471,64,16031,alaska,NA
-117.0547,26.68926,64,16443,alaska,NA
-117.07811,30.36105,64,16030,alaska,NA
-117.10045,26.39676,64,16489,alaska,NA
-117.10456,26.36257,64,16487,alaska,NA
-117.11414,26.37064,64,16488,alaska,NA
-117.11419,26.3963,64,16490,alaska,NA
-117.11902,26.70507,64,16555,alaska,NA
-117.11921,26.70512,64,16554,alaska,NA
-117.12882,30.37523,64,16029,alaska,NA
-117.14222,26.32213,64,16491,alaska,NA
-117.14692,26.73987,64,16556,alaska,NA
-117.14991,26.37886,64,16492,alaska,NA
-117.16765,30.35349,64,16028,alaska,NA
-117.16802,26.37003,64,16494,alaska,NA
-117.17464,26.94976,64,16561,alaska,NA
-117.17469,26.94973,64,16560,alaska,NA
-117.1762,26.41615,64,16493,alaska,NA
-117.18205,30.38573,64,16027,alaska,NA
-117.18266,26.72987,64,16557,alaska,NA
-117.18765,26.25899,64,16496,alaska,NA
-117.20887,26.26739,64,16497,alaska,NA
-117.21039,26.29875,64,16495,alaska,NA
-117.21601,26.32756,64,16498,alaska,NA
-117.22915,26.2324,64,16503,alaska,NA
-117.23238,26.35037,64,16499,alaska,NA
-117.23618,26.27889,64,16502,alaska,NA
-117.23634,26.30057,64,16500,alaska,NA
-117.25616,26.90385,64,16559,alaska,NA
-117.25713,26.30259,64,16501,alaska,NA
-117.25948,26.93372,64,16562,alaska,NA
-117.2644,26.25086,64,16505,alaska,NA
-117.27135,26.23165,64,16506,alaska,NA
-117.27208,26.73939,64,16553,alaska,NA
-117.28386,26.21569,64,16507,alaska,NA
-117.2895,26.28027,64,16504,alaska,NA
-117.29233,26.89591,64,16563,alaska,NA
-117.29528,26.19877,64,16509,alaska,NA
-117.30406,30.42378,64,16026,alaska,NA
-117.30596,26.23936,64,16508,alaska,NA
-117.31152,26.83901,64,16564,alaska,NA
-117.31157,26.17493,64,16511,alaska,NA
-117.31462,26.19852,64,16510,alaska,NA
-117.31615,26.70866,64,16552,alaska,NA
-117.32286,26.80468,64,16558,alaska,NA
-117.3268,26.24644,64,16513,alaska,NA
-117.34937,26.14628,64,16512,alaska,NA
-117.358,30.41701,64,16025,alaska,NA
-117.37064,26.1429,64,16514,alaska,NA
-117.37511,26.19521,64,16516,alaska,NA
-117.38593,26.16479,64,16515,alaska,NA
-117.3889,26.1518,64,16518,alaska,NA
-117.39177,26.75055,64,16551,alaska,NA
-117.39347,26.13013,64,16520,alaska,NA
-117.40103,26.13953,64,16519,alaska,NA
-117.40657,26.17264,64,16517,alaska,NA
-117.4068,26.83569,64,16565,alaska,NA
-117.42208,26.878,64,16566,alaska,NA
-117.42408,26.84657,64,16567,alaska,NA
-117.42411,30.40164,64,16023,alaska,NA
-117.42951,30.37184,64,16024,alaska,NA
-117.44584,26.05702,64,16522,alaska,NA
-117.45505,26.07971,64,16521,alaska,NA
-117.46005,26.03453,64,16523,alaska,NA
-117.47743,26.25667,64,16539,alaska,NA
-117.47915,26.06997,64,16524,alaska,NA
-117.4803,30.40454,64,16022,alaska,NA
-117.49095,26.03651,64,16526,alaska,NA
-117.49151,26.8119,64,16568,alaska,NA
-117.49491,26.80624,64,16569,alaska,NA
-117.50487,26.6473,64,16550,alaska,NA
-117.50932,26.18437,64,16537,alaska,NA
-117.51444,26.20245,64,16538,alaska,NA
-117.52146,26.07311,64,16525,alaska,NA
-117.53058,26.74723,64,16570,alaska,NA
-117.53572,30.35285,64,16020,alaska,NA
-117.53836,30.37548,64,16021,alaska,NA
-117.54231,30.35081,64,16019,alaska,NA
-117.54422,26.54772,64,16548,alaska,NA
-117.54643,26.12058,64,16535,alaska,NA
-117.54759,26.48776,64,16547,alaska,NA
-117.55213,26.04915,64,16527,alaska,NA
-117.55648,26.18282,64,16542,alaska,NA
-117.56102,26.20463,64,16540,alaska,NA
-117.56121,26.15556,64,16536,alaska,NA
-117.56421,26.47671,64,16546,alaska,NA
-117.56922,26.19397,64,16541,alaska,NA
-117.56989,26.41657,64,16545,alaska,NA
-117.57236,26.61886,64,16549,alaska,NA
-117.60874,26.12993,64,16534,alaska,NA
-117.61085,30.42029,64,16015,alaska,NA
-117.61206,26.00665,64,16528,alaska,NA
-117.61536,30.39668,64,16017,alaska,NA
-117.62,26.02976,64,16529,alaska,NA
-117.62325,26.34092,64,16544,alaska,NA
-117.62872,30.40147,64,16016,alaska,NA
-117.62996,26.61319,64,16573,alaska,NA
-117.63261,26.08013,64,16532,alaska,NA
-117.63835,26.68767,64,16571,alaska,NA
-117.64366,30.37411,64,16018,alaska,NA
-117.64653,25.66167,77,17470,alaska,NA
-117.64908,26.23096,64,16543,alaska,NA
-117.64925,26.65487,64,16572,alaska,NA
-117.65055,26.10018,64,16533,alaska,NA
-117.65421,25.68699,77,17469,alaska,NA
-117.65571,30.42638,64,16013,alaska,NA
-117.65723,26.07484,64,16531,alaska,NA
-117.66042,26.62281,64,16574,alaska,NA
-117.66314,26.04599,64,16530,alaska,NA
-117.66857,25.61153,77,17471,alaska,NA
-117.67059,30.51461,64,16010,alaska,NA
-117.67395,25.69059,77,17467,alaska,NA
-117.67395,25.69059,77,17497,alaska,NA
-117.67414,25.39608,65,16985,alaska,NA
-117.6832,25.64017,77,17468,alaska,NA
-117.69161,25.61698,77,17472,alaska,NA
-117.6962,26.5884,64,16575,alaska,NA
-117.69892,30.53631,64,16009,alaska,NA
-117.70434,25.65237,77,17473,alaska,NA
-117.70782,25.59769,77,17477,alaska,NA
-117.71136,25.32323,65,16986,alaska,NA
-117.71173,30.44877,64,16012,alaska,NA
-117.7125,30.46801,64,16011,alaska,NA
-117.71369,25.47509,65,16979,alaska,NA
-117.71376,25.62056,77,17475,alaska,NA
-117.71873,25.64101,77,17474,alaska,NA
-117.7266,25.4242,65,16983,alaska,NA
-117.72694,25.71081,77,17496,alaska,NA
-117.72784,25.62331,77,17476,alaska,NA
-117.72898,26.47861,64,16578,alaska,NA
-117.72968,30.53042,64,16007,alaska,NA
-117.73125,30.41303,64,16014,alaska,NA
-117.73292,25.39216,65,16984,alaska,NA
-117.73598,25.66909,77,17495,alaska,NA
-117.73607,30.51224,64,16006,alaska,NA
-117.73697,25.4378,65,16981,alaska,NA
-117.73962,30.53965,64,16008,alaska,NA
-117.74457,25.4085,65,16982,alaska,NA
-117.74523,26.51846,64,16576,alaska,NA
-117.74641,26.4918,64,16577,alaska,NA
-117.7489,30.54121,64,16005,alaska,NA
-117.75782,25.72494,77,17493,alaska,NA
-117.75824,25.42709,65,16980,alaska,NA
-117.7621,25.57756,77,17478,alaska,NA
-117.76282,26.43688,64,16579,alaska,NA
-117.76316,25.70544,77,17494,alaska,NA
-117.76428,25.30248,65,16991,alaska,NA
-117.76717,25.62498,77,17479,alaska,NA
-117.76975,25.27786,65,16992,alaska,NA
-117.77482,25.48754,65,16977,alaska,NA
-117.77559,25.51564,65,16978,alaska,NA
-117.77912,25.57388,77,17480,alaska,NA
-117.79067,25.72851,77,17492,alaska,NA
-117.79163,26.35333,64,16586,alaska,NA
-117.79688,25.7068,77,17491,alaska,NA
-117.80079,26.40663,64,16580,alaska,NA
-117.80308,30.55601,64,16004,alaska,NA
-117.80744,25.33428,65,16990,alaska,NA
-117.80871,25.64199,77,17488,alaska,NA
-117.80894,25.56954,77,17481,alaska,NA
-117.81058,25.68226,77,17489,alaska,NA
-117.81088,25.53834,77,17482,alaska,NA
-117.81164,25.25614,65,16993,alaska,NA
-117.81513,26.28989,64,16587,alaska,NA
-117.81607,25.50857,65,16973,alaska,NA
-117.82144,25.28608,65,16994,alaska,NA
-117.82216,25.47647,65,16976,alaska,NA
-117.82584,25.43389,65,16975,alaska,NA
-117.82962,25.33888,65,16988,alaska,NA
-117.83443,25.47334,65,16974,alaska,NA
-117.83577,25.69862,77,17490,alaska,NA
-117.836,25.24878,65,16997,alaska,NA
-117.8371,25.60412,77,17485,alaska,NA
-117.83974,25.35267,65,16987,alaska,NA
-117.85237,26.41564,64,16581,alaska,NA
-117.85655,25.31678,65,16989,alaska,NA
-117.85772,26.43773,64,16582,alaska,NA
-117.85909,26.40881,64,16585,alaska,NA
-117.8607,25.65667,77,17487,alaska,NA
-117.86252,26.42828,64,16584,alaska,NA
-117.86258,25.47244,65,16971,alaska,NA
-117.87328,26.25075,64,16590,alaska,NA
-117.87921,25.64035,77,17486,alaska,NA
-117.87957,26.20248,64,16591,alaska,NA
-117.88015,25.28311,65,16995,alaska,NA
-117.88185,25.26416,65,16996,alaska,NA
-117.88736,25.42139,65,16969,alaska,NA
-117.89406,25.62089,77,17484,alaska,NA
-117.89452,26.42854,64,16583,alaska,NA
-117.89599,25.45374,65,16968,alaska,NA
-117.89693,30.53912,64,16003,alaska,NA
-117.90267,25.49551,65,16970,alaska,NA
-117.90382,25.60182,77,17483,alaska,NA
-117.91124,25.5375,65,16972,alaska,NA
-117.9146,26.2634,64,16588,alaska,NA
-117.91484,26.17606,64,16592,alaska,NA
-117.91579,25.86966,64,16617,alaska,NA
-117.91637,25.42822,65,16966,alaska,NA
-117.91819,25.86889,64,16618,alaska,NA
-117.9222,25.87755,64,16615,alaska,NA
-117.92495,26.24956,64,16589,alaska,NA
-117.92549,25.20641,65,16901,alaska,NA
-117.92549,25.20641,65,16999,alaska,NA
-117.92572,25.22536,65,16998,alaska,NA
-117.93439,26.20504,64,16594,alaska,NA
-117.93604,25.87271,64,16616,alaska,NA
-117.93641,25.86306,64,16619,alaska,NA
-117.938,30.49508,64,16002,alaska,NA
-117.93979,25.18719,65,16902,alaska,NA
-117.94074,25.41682,65,16964,alaska,NA
-117.94725,25.16825,65,16904,alaska,NA
-117.94984,25.47193,65,16967,alaska,NA
-117.95029,25.91649,64,16614,alaska,NA
-117.95251,25.81187,64,16620,alaska,NA
-117.95405,26.17701,64,16593,alaska,NA
-117.95449,25.44253,65,16965,alaska,NA
-117.95462,25.38725,65,16962,alaska,NA
-117.95743,25.1343,65,16908,alaska,NA
-117.95785,25.20963,65,16903,alaska,NA
-117.95936,26.23044,64,16595,alaska,NA
-117.95977,25.42221,65,16963,alaska,NA
-117.96641,26.17339,64,16596,alaska,NA
-117.96761,25.16097,65,16906,alaska,NA
-117.9687,25.11646,65,16909,alaska,NA
-117.97009,25.38113,65,16958,alaska,NA
-117.97631,25.24693,65,16953,alaska,NA
-117.97963,26.16691,64,16597,alaska,NA
-117.98095,26.15884,64,16600,alaska,NA
-117.9825,25.14523,65,16907,alaska,NA
-117.98409,25.12931,65,16910,alaska,NA
-117.98433,25.77919,64,16621,alaska,NA
-117.9845,30.58692,64,15999,alaska,NA
-117.98518,25.48864,65,16961,alaska,NA
-117.98573,25.08921,65,16912,alaska,NA
-117.98579,26.13836,64,16601,alaska,NA
-117.98689,26.19201,64,16598,alaska,NA
-117.99024,25.35365,65,16956,alaska,NA
-117.99487,30.54927,64,16000,alaska,NA
-117.99776,25.19171,65,16917,alaska,NA
-118.00083,25.15848,65,16905,alaska,NA
-118.00288,25.09754,65,16911,alaska,NA
-118.00373,25.13653,65,16915,alaska,NA
-118.00592,25.94757,64,16613,alaska,NA
-118.00908,26.16717,64,16599,alaska,NA
-118.01191,25.19902,65,16918,alaska,NA
-118.01508,25.29614,65,16954,alaska,NA
-118.01648,30.53397,64,16001,alaska,NA
-118.01649,26.09005,64,16604,alaska,NA
-118.02034,26.12291,64,16603,alaska,NA
-118.02557,25.36079,65,16955,alaska,NA
-118.03134,25.29707,65,16952,alaska,NA
-118.03219,25.38996,65,16957,alaska,NA
-118.03344,30.62647,64,15998,alaska,NA
-118.03814,30.63203,64,15995,alaska,NA
-118.03817,25.41493,65,16959,alaska,NA
-118.03937,30.58859,64,15997,alaska,NA
-118.04204,26.13159,64,16602,alaska,NA
-118.04218,25.76844,64,16622,alaska,NA
-118.04344,25.45502,65,16960,alaska,NA
-118.04356,25.134,65,16916,alaska,NA
-118.04449,25.03623,65,16913,alaska,NA
-118.04508,25.18382,65,16921,alaska,NA
-118.04542,25.34986,65,16951,alaska,NA
-118.0456,30.63883,64,15994,alaska,NA
-118.04726,30.61389,64,15993,alaska,NA
-118.0484,25.72568,64,16624,alaska,NA
-118.0495,30.58766,64,15996,alaska,NA
-118.0514,25.35825,65,16949,alaska,NA
-118.05581,26.05832,64,16606,alaska,NA
-118.05605,25.38579,65,16948,alaska,NA
-118.05679,25.73462,64,16623,alaska,NA
-118.06196,25.67543,64,16626,alaska,NA
-118.06392,30.57716,64,15991,alaska,NA
-118.07123,25.1227,65,16919,alaska,NA
-118.07266,30.61444,64,15992,alaska,NA
-118.07331,25.94858,64,16612,alaska,NA
-118.07358,25.18237,65,16926,alaska,NA
-118.07469,25.15411,65,16920,alaska,NA
-118.07839,25.34703,65,16950,alaska,NA
-118.08036,25.03744,65,16914,alaska,NA
-118.08333,25.71503,64,16625,alaska,NA
-118.08409,25.63673,64,16628,alaska,NA
-118.08475,25.11958,65,16927,alaska,NA
-118.08821,26.03551,64,16607,alaska,NA
-118.08919,30.5828,64,15990,alaska,NA
-118.0908,25.99585,64,16608,alaska,NA
-118.09221,25.61372,64,16630,alaska,NA
-118.09445,26.06396,64,16605,alaska,NA
-118.096,25.92596,64,16611,alaska,NA
-118.09952,25.96428,64,16610,alaska,NA
-118.0999,25.08981,65,16930,alaska,NA
-118.10176,25.39664,65,16947,alaska,NA
-118.10284,25.60036,64,16631,alaska,NA
-118.10568,30.62717,64,15981,alaska,NA
-118.10614,25.58049,64,16633,alaska,NA
-118.10819,25.18102,65,16925,alaska,NA
-118.11062,25.62563,64,16629,alaska,NA
-118.11141,25.08159,65,16929,alaska,NA
-118.11163,30.55671,64,15989,alaska,NA
-118.11237,25.09913,65,16928,alaska,NA
-118.11252,25.07612,65,16931,alaska,NA
-118.11567,30.65365,64,15980,alaska,NA
-118.11737,25.97127,64,16609,alaska,NA
-118.11935,25.10641,65,16932,alaska,NA
-118.12196,30.51955,64,15988,alaska,NA
-118.12219,25.59912,64,16632,alaska,NA
-118.12812,25.55517,64,16635,alaska,NA
-118.12884,25.38648,65,16946,alaska,NA
-118.12917,25.58582,64,16634,alaska,NA
-118.13228,25.15208,65,16924,alaska,NA
-118.13336,25.63716,64,16627,alaska,NA
-118.13561,30.58184,64,15982,alaska,NA
-118.13874,25.3545,65,16944,alaska,NA
-118.14876,25.36005,65,16945,alaska,NA
-118.14899,25.15907,65,16923,alaska,NA
-118.15,25.18312,65,16922,alaska,NA
-118.15381,30.6673,64,15979,alaska,NA
-118.15456,25.55986,64,16637,alaska,NA
-118.16085,25.60028,64,16636,alaska,NA
-118.16202,25.33424,65,16942,alaska,NA
-118.16236,25.12932,65,16933,alaska,NA
-118.16284,25.19073,65,16934,alaska,NA
-118.16329,25.35903,65,16943,alaska,NA
-118.16406,30.5154,64,15987,alaska,NA
-118.16703,30.66364,64,15977,alaska,NA
-118.16757,30.49195,64,15986,alaska,NA
-118.16959,25.34544,65,16941,alaska,NA
-118.17038,25.54829,64,16639,alaska,NA
-118.17279,30.54301,64,15984,alaska,NA
-118.17324,30.67613,64,15976,alaska,NA
-118.17732,25.53175,64,16640,alaska,NA
-118.17745,30.64915,64,15978,alaska,NA
-118.17774,30.48767,64,15985,alaska,NA
-118.18022,25.2341,65,16935,alaska,NA
-118.18284,25.57146,64,16638,alaska,NA
-118.19626,25.54949,64,16641,alaska,NA
-118.19852,30.55108,64,15983,alaska,NA
-118.20092,25.26261,65,16939,alaska,NA
-118.20305,30.72761,64,15973,alaska,NA
-118.20614,25.29628,65,16940,alaska,NA
-118.21091,25.24866,65,16937,alaska,NA
-118.21523,30.74104,64,15972,alaska,NA
-118.21748,30.68554,64,15975,alaska,NA
-118.21967,25.52238,64,16642,alaska,NA
-118.22072,25.24254,65,16936,alaska,NA
-118.22218,25.26344,65,16938,alaska,NA
-118.23348,30.71947,64,15974,alaska,NA
-118.26398,30.70094,64,15971,alaska,NA
-118.27109,25.52748,64,16643,alaska,NA
-118.2803,25.47356,64,16645,alaska,NA
-118.28854,25.4999,64,16644,alaska,NA
-118.32749,25.41425,64,16647,alaska,NA
-118.331,25.45378,64,16646,alaska,NA
-118.33697,30.60535,64,15970,alaska,NA
-118.3844,25.38716,64,16650,alaska,NA
-118.38756,25.43467,64,16648,alaska,NA
-118.39422,25.40668,64,16649,alaska,NA
-118.41514,25.33945,64,16652,alaska,NA
-118.42196,25.37624,64,16651,alaska,NA
-118.42732,30.53367,64,15969,alaska,NA
-118.47264,25.33012,64,16654,alaska,NA
-118.47572,25.29516,64,16656,alaska,NA
-118.47651,25.34766,64,16653,alaska,NA
-118.49041,30.52129,64,15967,alaska,NA
-118.49083,25.32889,64,16655,alaska,NA
-118.51108,30.53455,64,15968,alaska,NA
-118.51137,25.30937,64,16657,alaska,NA
-118.53775,30.51115,64,15966,alaska,NA
-118.53944,25.23329,64,16660,alaska,NA
-118.54139,25.19225,64,16663,alaska,NA
-118.54674,25.17736,64,16664,alaska,NA
-118.54905,25.19847,64,16662,alaska,NA
-118.56275,25.20963,64,16661,alaska,NA
-118.56867,25.16895,64,16665,alaska,NA
-118.57595,25.14044,64,16666,alaska,NA
-118.58086,30.50827,64,15964,alaska,NA
-118.58309,25.2449,64,16658,alaska,NA
-118.58479,25.11234,64,16668,alaska,NA
-118.58579,25.22745,64,16659,alaska,NA
-118.58868,30.52492,64,15965,alaska,NA
-118.59567,30.55164,64,15958,alaska,NA
-118.5976,30.52794,64,15960,alaska,NA
-118.60486,25.14166,64,16667,alaska,NA
-118.61506,30.47718,64,15962,alaska,NA
-118.61742,25.96345,64,16853,alaska,NA
-118.61882,30.50439,64,15963,alaska,NA
-118.6254,30.53897,64,15959,alaska,NA
-118.63282,25.13815,64,16669,alaska,NA
-118.63398,30.41671,64,15953,alaska,NA
-118.63412,25.9032,64,16852,alaska,NA
-118.63494,25.94464,64,16854,alaska,NA
-118.63955,30.5147,64,15961,alaska,NA
-118.63958,25.90773,64,16855,alaska,NA
-118.6405,25.08037,64,16670,alaska,NA
-118.65323,25.86467,64,16851,alaska,NA
-118.65334,25.80048,64,16849,alaska,NA
-118.66778,25.0841,64,16672,alaska,NA
-118.66793,30.52371,64,15957,alaska,NA
-118.66977,25.11184,64,16671,alaska,NA
-118.67973,25.81147,64,16850,alaska,NA
-118.68657,25.85466,64,16856,alaska,NA
-118.69019,30.39524,64,15952,alaska,NA
-118.69497,25.85063,64,16857,alaska,NA
-118.69599,30.40601,64,15954,alaska,NA
-118.6982,25.05072,64,16673,alaska,NA
-118.69922,25.57559,64,16842,alaska,NA
-118.70715,30.40762,64,15951,alaska,NA
-118.7107,25.04877,64,16675,alaska,NA
-118.71179,25.76316,64,16848,alaska,NA
-118.71473,30.46201,64,15955,alaska,NA
-118.71724,30.4467,64,15943,alaska,NA
-118.71848,30.42529,64,15944,alaska,NA
-118.71914,25.06014,64,16674,alaska,NA
-118.71982,25.75164,64,16847,alaska,NA
-118.72069,30.28945,64,15949,alaska,NA
-118.72217,30.40395,64,15946,alaska,NA
-118.72367,30.36796,64,15950,alaska,NA
-118.72556,25.03003,64,16676,alaska,NA
-118.73284,30.35778,64,15948,alaska,NA
-118.73828,25.60555,64,16843,alaska,NA
-118.74052,30.45292,64,15956,alaska,NA
-118.74488,30.45312,64,15942,alaska,NA
-118.7505,25.59279,64,16841,alaska,NA
-118.75703,25.31368,64,16833,alaska,NA
-118.75745,25.33917,64,16834,alaska,NA
-118.76032,30.40194,64,15945,alaska,NA
-118.76118,30.34175,64,15947,alaska,NA
-118.76283,25.31301,64,16836,alaska,NA
-118.76331,25.02743,64,16678,alaska,NA
-118.76497,25.59497,64,16844,alaska,NA
-118.76832,25.33338,64,16835,alaska,NA
-118.77405,25.0604,64,16677,alaska,NA
-118.77985,25.66591,64,16846,alaska,NA
-118.78143,24.98976,64,16680,alaska,NA
-118.78206,24.96872,64,16681,alaska,NA
-118.78411,25.63084,64,16845,alaska,NA
-118.7957,25.54696,64,16840,alaska,NA
-118.79838,25.31135,64,16837,alaska,NA
-118.79869,25.36344,64,16838,alaska,NA
-118.80642,25.00909,64,16679,alaska,NA
-118.81186,25.30569,64,16832,alaska,NA
-118.81535,25.3421,64,16831,alaska,NA
-118.82033,25.37187,64,16839,alaska,NA
-118.82502,24.96601,64,16682,alaska,NA
-118.84599,24.99315,64,16683,alaska,NA
-118.85992,24.94562,64,16686,alaska,NA
-118.86163,25.86725,64,16867,alaska,NA
-118.86654,24.9104,64,16687,alaska,NA
-118.86831,25.8539,64,16866,alaska,NA
-118.86957,25.31262,64,16830,alaska,NA
-118.87388,30.33926,64,15940,alaska,NA
-118.87502,30.35293,64,15941,alaska,NA
-118.88676,25.91593,64,16868,alaska,NA
-118.89515,25.26237,64,16829,alaska,NA
-118.89706,25.90863,64,16865,alaska,NA
-118.9075,25.75071,64,16858,alaska,NA
-118.91487,24.95003,64,16684,alaska,NA
-118.91801,24.93346,64,16685,alaska,NA
-118.91997,24.81869,64,16698,alaska,NA
-118.92065,24.92835,64,16688,alaska,NA
-118.92231,24.9074,64,16689,alaska,NA
-118.93363,25.77165,64,16859,alaska,NA
-118.93792,24.8383,64,16695,alaska,NA
-118.93861,25.80652,64,16860,alaska,NA
-118.94321,25.24724,64,16828,alaska,NA
-118.94414,25.9358,64,16869,alaska,NA
-118.9454,25.89457,64,16863,alaska,NA
-118.949,25.92714,64,16871,alaska,NA
-118.95927,25.90559,64,16864,alaska,NA
-118.96064,25.88586,64,16862,alaska,NA
-118.96473,25.97477,64,16870,alaska,NA
-118.96596,30.33372,64,15939,alaska,NA
-118.96654,24.79514,64,16697,alaska,NA
-118.97123,24.77629,64,16699,alaska,NA
-118.97708,25.83244,64,16861,alaska,NA
-118.9778,30.34085,64,15933,alaska,NA
-118.97918,24.81925,64,16696,alaska,NA
-118.98201,24.90169,64,16690,alaska,NA
-118.98206,24.79514,64,16700,alaska,NA
-118.9824,30.31054,64,15938,alaska,NA
-118.98427,24.75193,64,16701,alaska,NA
-118.98999,24.72479,64,16703,alaska,NA
-118.9904,24.86137,64,16694,alaska,NA
-118.99133,30.32284,64,15935,alaska,NA
-118.99538,24.79994,64,16708,alaska,NA
-118.99745,28.91221,64,15891,alaska,NA
-118.99903,28.86517,64,15889,alaska,NA
-119.00211,24.76462,64,16702,alaska,NA
-119.00393,30.33762,64,15934,alaska,NA
-119.00407,24.75001,64,16705,alaska,NA
-119.00795,30.35668,64,15932,alaska,NA
-119.00821,25.85701,64,16872,alaska,NA
-119.0083,24.82463,64,16692,alaska,NA
-119.00889,28.81667,64,15888,alaska,NA
-119.00935,25.90399,64,16874,alaska,NA
-119.0108,25.70715,64,16882,alaska,NA
-119.01236,28.89695,64,15890,alaska,NA
-119.01257,24.84323,64,16693,alaska,NA
-119.01442,25.87461,64,16876,alaska,NA
-119.01473,24.79084,64,16710,alaska,NA
-119.01664,24.73691,64,16704,alaska,NA
-119.01873,25.89184,64,16873,alaska,NA
-119.02065,25.81696,64,16877,alaska,NA
-119.02209,25.14167,64,16827,alaska,NA
-119.02266,24.74177,64,16706,alaska,NA
-119.0236,30.31445,64,15936,alaska,NA
-119.02361,24.7646,64,16707,alaska,NA
-119.02411,25.02682,64,16825,alaska,NA
-119.02475,25.8248,64,16879,alaska,NA
-119.02543,25.89569,64,16875,alaska,NA
-119.02805,24.80626,64,16709,alaska,NA
-119.03189,24.83164,64,16691,alaska,NA
-119.03295,25.83468,64,16880,alaska,NA
-119.03373,25.11191,64,16826,alaska,NA
-119.03402,24.735,64,16715,alaska,NA
-119.03479,24.77084,64,16711,alaska,NA
-119.03624,24.75152,64,16713,alaska,NA
-119.0394,24.71005,64,16716,alaska,NA
-119.0394,25.6724,64,16883,alaska,NA
-119.0421,30.30145,64,15937,alaska,NA
-119.04232,25.80266,64,16878,alaska,NA
-119.04302,24.78491,64,16712,alaska,NA
-119.04716,25.81663,64,16881,alaska,NA
-119.04785,28.89289,64,15892,alaska,NA
-119.05263,24.74242,64,16714,alaska,NA
-119.05618,25.04323,64,16824,alaska,NA
-119.06864,25.07943,64,16821,alaska,NA
-119.07816,24.73246,64,16717,alaska,NA
-119.08288,25.68216,64,16884,alaska,NA
-119.08694,25.05908,64,16823,alaska,NA
-119.08995,28.92566,64,15893,alaska,NA
-119.09475,24.69477,64,16718,alaska,NA
-119.10348,28.8144,64,15887,alaska,NA
-119.1042,25.04134,64,16822,alaska,NA
-119.13793,28.92311,64,15894,alaska,NA
-119.139,28.76693,64,15869,alaska,NA
-119.1441,25.0024,64,16818,alaska,NA
-119.14911,25.01584,64,16820,alaska,NA
-119.14993,25.82466,64,16885,alaska,NA
-119.15148,28.88112,64,15886,alaska,NA
-119.15302,28.76399,64,15865,alaska,NA
-119.15365,28.80275,64,15870,alaska,NA
-119.15557,28.72118,64,15868,alaska,NA
-119.15557,25.00405,64,16819,alaska,NA
-119.16079,28.88589,64,15895,alaska,NA
-119.16235,28.72245,64,15866,alaska,NA
-119.17415,28.7165,64,15867,alaska,NA
-119.17582,29.06027,64,15899,alaska,NA
-119.18453,28.16413,64,15778,alaska,NA
-119.18516,25.89255,64,16887,alaska,NA
-119.1866,30.16699,64,15931,alaska,NA
-119.18744,24.6809,64,16719,alaska,NA
-119.19055,30.13344,64,15929,alaska,NA
-119.19259,25.84705,64,16886,alaska,NA
-119.19553,28.12504,64,15777,alaska,NA
-119.19932,30.14864,64,15930,alaska,NA
-119.20195,28.88316,64,15896,alaska,NA
-119.20246,24.6462,64,16720,alaska,NA
-119.20798,28.25338,64,15780,alaska,NA
-119.20991,24.68989,64,16721,alaska,NA
-119.21362,25.88636,64,16888,alaska,NA
-119.21444,25.85477,64,16889,alaska,NA
-119.2175,28.85014,64,15885,alaska,NA
-119.21774,30.0869,64,15927,alaska,NA
-119.21976,24.63595,64,16723,alaska,NA
-119.22165,28.77951,64,15864,alaska,NA
-119.22444,27.82671,64,15768,alaska,NA
-119.22497,29.02974,64,15898,alaska,NA
-119.22564,29.09003,64,15900,alaska,NA
-119.22599,30.1015,64,15928,alaska,NA
-119.2266,24.68401,64,16722,alaska,NA
-119.23118,28.09053,64,15775,alaska,NA
-119.23214,27.78212,64,15767,alaska,NA
-119.23355,24.60038,64,16724,alaska,NA
-119.23617,28.24928,64,15779,alaska,NA
-119.23839,27.97869,64,15770,alaska,NA
-119.24017,30.01652,64,15926,alaska,NA
-119.24205,28.25431,64,15781,alaska,NA
-119.24316,27.91187,64,15769,alaska,NA
-119.24324,28.10242,64,15776,alaska,NA
-119.24348,28.83533,64,15871,alaska,NA
-119.24427,24.65793,64,16731,alaska,NA
-119.24529,24.58749,64,16727,alaska,NA
-119.2463,30.03079,64,15924,alaska,NA
-119.24757,25.82317,64,16890,alaska,NA
-119.24798,24.56325,64,16725,alaska,NA
-119.24804,24.61118,64,16729,alaska,NA
-119.25091,28.96412,64,15897,alaska,NA
-119.25771,24.62837,64,16730,alaska,NA
-119.26332,28.70881,64,15862,alaska,NA
-119.26385,25.86887,64,16891,alaska,NA
-119.26435,28.88885,64,15877,alaska,NA
-119.26475,24.59844,64,16728,alaska,NA
-119.26518,28.85021,64,15876,alaska,NA
-119.26595,28.98467,64,15883,alaska,NA
-119.26846,29.98358,64,15925,alaska,NA
-119.26877,28.05094,64,15772,alaska,NA
-119.27224,28.78924,64,15873,alaska,NA
-119.2728,28.70881,64,15863,alaska,NA
-119.27543,28.82293,64,15872,alaska,NA
-119.27596,24.57539,64,16726,alaska,NA
-119.27829,24.94521,64,16817,alaska,NA
-119.27954,28.04269,64,15771,alaska,NA
-119.27976,28.19893,64,15782,alaska,NA
-119.28116,28.78702,64,15874,alaska,NA
-119.28296,28.93907,64,15884,alaska,NA
-119.28452,28.66877,64,15860,alaska,NA
-119.28482,29.07758,64,15901,alaska,NA
-119.28572,28.68393,64,15861,alaska,NA
-119.28573,28.8105,64,15875,alaska,NA
-119.28976,29.13451,64,15905,alaska,NA
-119.29038,29.10253,64,15902,alaska,NA
-119.29049,24.67373,64,16732,alaska,NA
-119.29458,29.07693,64,15903,alaska,NA
-119.29606,29.14061,64,15906,alaska,NA
-119.29633,24.64728,64,16733,alaska,NA
-119.29737,28.10006,64,15774,alaska,NA
-119.30191,29.05933,64,15882,alaska,NA
-119.30265,28.96163,64,15878,alaska,NA
-119.30601,27.69664,64,15766,alaska,NA
-119.30823,25.90869,64,16894,alaska,NA
-119.30993,25.87458,64,16892,alaska,NA
-119.3108,28.18441,64,15783,alaska,NA
-119.31946,29.07352,64,15904,alaska,NA
-119.32061,25.93976,64,16895,alaska,NA
-119.32125,29.93041,64,15923,alaska,NA
-119.32234,25.89677,64,16893,alaska,NA
-119.32602,29.06115,64,15881,alaska,NA
-119.32837,28.04366,64,15773,alaska,NA
-119.33165,28.71335,64,15859,alaska,NA
-119.33381,24.65005,64,16734,alaska,NA
-119.33587,29.08302,64,15907,alaska,NA
-119.33633,28.20328,64,15785,alaska,NA
-119.34074,24.61421,64,16735,alaska,NA
-119.34382,28.97633,64,15879,alaska,NA
-119.34872,28.21755,64,15784,alaska,NA
-119.35554,29.02694,64,15880,alaska,NA
-119.35913,24.59985,64,16737,alaska,NA
-119.35925,24.62834,64,16736,alaska,NA
-119.36929,28.17541,64,15786,alaska,NA
-119.37531,24.67418,64,16814,alaska,NA
-119.37899,24.6445,64,16812,alaska,NA
-119.39196,24.66529,64,16813,alaska,NA
-119.3949,24.84203,64,16816,alaska,NA
-119.40659,24.57908,64,16739,alaska,NA
-119.40672,28.18021,64,15787,alaska,NA
-119.41816,28.68949,64,15858,alaska,NA
-119.42052,24.59675,64,16738,alaska,NA
-119.42435,24.65508,64,16811,alaska,NA
-119.42575,28.73378,64,15857,alaska,NA
-119.42725,25.85656,64,16896,alaska,NA
-119.43087,24.68435,64,16810,alaska,NA
-119.43829,25.87634,64,16897,alaska,NA
-119.43931,24.53106,64,16740,alaska,NA
-119.44422,24.70949,64,16815,alaska,NA
-119.4468,29.86024,64,15922,alaska,NA
-119.45509,24.58303,64,16741,alaska,NA
-119.45709,27.69527,64,15764,alaska,NA
-119.46717,24.63215,64,16807,alaska,NA
-119.47083,24.54215,64,16743,alaska,NA
-119.4748,24.52595,64,16744,alaska,NA
-119.48432,27.67529,64,15765,alaska,NA
-119.48747,24.65068,64,16808,alaska,NA
-119.49157,24.69164,64,16809,alaska,NA
-119.49223,24.55917,64,16742,alaska,NA
-119.49513,28.11047,64,15788,alaska,NA
-119.49675,24.62504,64,16806,alaska,NA
-119.50145,27.70188,64,15762,alaska,NA
-119.50145,29.23805,64,15909,alaska,NA
-119.50473,29.14122,64,15908,alaska,NA
-119.50476,24.52301,64,16745,alaska,NA
-119.50539,27.7227,64,15763,alaska,NA
-119.50614,24.71306,64,16802,alaska,NA
-119.50777,24.73594,64,16801,alaska,NA
-119.51223,28.05907,64,15789,alaska,NA
-119.51435,25.83671,64,16899,alaska,NA
-119.51617,29.31643,64,15910,alaska,NA
-119.51999,25.85068,64,16898,alaska,NA
-119.5216,24.6913,64,16804,alaska,NA
-119.52261,24.55024,64,16746,alaska,NA
-119.52646,24.67087,64,16805,alaska,NA
-119.52918,25.82115,64,15600,alaska,NA
-119.52918,25.82115,64,16900,alaska,NA
-119.52993,28.92746,64,15848,alaska,NA
-119.53447,25.79446,64,15600,alaska,NA
-119.53856,28.10447,64,15792,alaska,NA
-119.53979,25.81003,64,15600,alaska,NA
-119.53981,28.04148,64,15790,alaska,NA
-119.5419,24.70026,64,16803,alaska,NA
-119.54795,28.09033,64,15791,alaska,NA
-119.55366,28.9105,64,15850,alaska,NA
-119.56265,26.60205,64,15633,alaska,NA
-119.56312,25.96926,64,15613,alaska,NA
-119.5704,28.73404,64,15856,alaska,NA
-119.57242,28.11571,64,15796,alaska,NA
-119.57244,28.12995,64,15793,alaska,NA
-119.57275,27.62133,64,15761,alaska,NA
-119.57358,24.55793,64,16751,alaska,NA
-119.57478,28.94892,64,15847,alaska,NA
-119.57575,24.7452,64,16798,alaska,NA
-119.57641,26.12562,64,15621,alaska,NA
-119.57748,28.93823,64,15849,alaska,NA
-119.58323,28.17263,64,15794,alaska,NA
-119.58455,28.86393,64,15851,alaska,NA
-119.58615,27.60629,64,15760,alaska,NA
-119.58677,28.81811,64,15852,alaska,NA
-119.58726,24.72036,64,16800,alaska,NA
-119.59118,25.85098,64,15609,alaska,NA
-119.59496,28.75335,64,15855,alaska,NA
-119.59529,29.4387,64,15911,alaska,NA
-119.59991,24.48628,64,16747,alaska,NA
-119.60229,28.0754,64,15797,alaska,NA
-119.60237,28.7924,64,15854,alaska,NA
-119.60289,26.58755,64,15634,alaska,NA
-119.6084,25.7779,64,15604,alaska,NA
-119.61094,26.58471,64,15636,alaska,NA
-119.61157,25.91896,64,15611,alaska,NA
-119.61334,24.72508,64,16799,alaska,NA
-119.6139,26.61883,64,15635,alaska,NA
-119.61454,25.84546,64,15610,alaska,NA
-119.61499,25.79039,64,15605,alaska,NA
-119.61908,25.97684,64,15614,alaska,NA
-119.61959,25.77293,64,15606,alaska,NA
-119.62089,25.75457,64,15600,alaska,NA
-119.62258,25.94329,64,15612,alaska,NA
-119.6231,24.57583,64,16750,alaska,NA
-119.62344,25.95611,64,15615,alaska,NA
-119.62609,28.15157,64,15795,alaska,NA
-119.62996,26.08282,64,15620,alaska,NA
-119.63222,26.55915,64,15632,alaska,NA
-119.63303,26.42598,64,15625,alaska,NA
-119.63592,26.52958,64,15631,alaska,NA
-119.63957,26.57202,64,15637,alaska,NA
-119.64039,26.02958,64,15619,alaska,NA
-119.64064,26.05469,64,15618,alaska,NA
-119.64076,28.95123,64,15846,alaska,NA
-119.64299,25.79562,64,15608,alaska,NA
-119.64532,28.79058,64,15853,alaska,NA
-119.64533,25.9904,64,15616,alaska,NA
-119.646,26.38682,64,15623,alaska,NA
-119.64784,28.94994,64,15845,alaska,NA
-119.64903,24.54079,64,16749,alaska,NA
-119.65179,26.0416,64,15617,alaska,NA
-119.65405,26.40853,64,15624,alaska,NA
-119.65547,24.49298,64,16748,alaska,NA
-119.65683,26.35433,64,15622,alaska,NA
-119.65701,28.14411,64,15798,alaska,NA
-119.65873,26.42517,64,15626,alaska,NA
-119.65873,26.39664,64,15627,alaska,NA
-119.66213,27.54529,64,15759,alaska,NA
-119.66231,24.59746,64,16752,alaska,NA
-119.66406,29.52248,64,15912,alaska,NA
-119.66906,26.41424,64,15629,alaska,NA
-119.67309,29.53368,64,15913,alaska,NA
-119.67528,26.38749,64,15628,alaska,NA
-119.67863,26.48138,64,15639,alaska,NA
-119.68011,26.5011,64,15638,alaska,NA
-119.69179,26.45096,64,15630,alaska,NA
-119.6922,26.40724,64,15643,alaska,NA
-119.69655,24.51322,64,16754,alaska,NA
-119.69666,24.5562,64,16753,alaska,NA
-119.69866,25.79797,64,15607,alaska,NA
-119.70055,28.94051,64,15844,alaska,NA
-119.70259,24.70601,64,16797,alaska,NA
-119.70954,26.4362,64,15641,alaska,NA
-119.71157,26.33441,64,15644,alaska,NA
-119.71332,27.53494,64,15758,alaska,NA
-119.7157,26.4649,64,15640,alaska,NA
-119.72037,29.87675,64,15921,alaska,NA
-119.7328,29.80682,64,15920,alaska,NA
-119.73664,26.43984,64,15642,alaska,NA
-119.74213,27.57786,64,15755,alaska,NA
-119.74287,27.5713,64,15757,alaska,NA
-119.74555,24.43856,64,16755,alaska,NA
-119.7459,29.58103,64,15914,alaska,NA
-119.74856,29.75925,64,15919,alaska,NA
-119.75683,27.58751,64,15753,alaska,NA
-119.75784,26.33893,64,15645,alaska,NA
-119.76137,24.39639,64,16757,alaska,NA
-119.76179,28.8862,64,15843,alaska,NA
-119.76398,27.57572,64,15754,alaska,NA
-119.76883,27.61715,64,15752,alaska,NA
-119.77279,26.31341,64,15646,alaska,NA
-119.77434,24.44889,64,16756,alaska,NA
-119.77734,29.69398,64,15917,alaska,NA
-119.77768,28.90798,64,15842,alaska,NA
-119.78136,29.71062,64,15918,alaska,NA
-119.78404,29.65181,64,15915,alaska,NA
-119.78783,24.38868,64,16758,alaska,NA
-119.78802,28.1637,64,15799,alaska,NA
-119.78838,24.42325,64,16760,alaska,NA
-119.79629,27.52786,64,15756,alaska,NA
-119.79805,24.40288,64,16759,alaska,NA
-119.81625,24.40302,64,16761,alaska,NA
-119.81859,24.36893,64,16762,alaska,NA
-119.83879,27.64263,64,15751,alaska,NA
-119.84304,28.14749,64,15801,alaska,NA
-119.84629,24.40145,64,16765,alaska,NA
-119.84717,26.64361,64,15677,alaska,NA
-119.85475,28.79869,64,15839,alaska,NA
-119.85541,28.13375,64,15800,alaska,NA
-119.85582,29.68689,64,15916,alaska,NA
-119.85844,26.64495,64,15676,alaska,NA
-119.85874,26.61602,64,15675,alaska,NA
-119.86335,28.13081,64,15805,alaska,NA
-119.8641,24.37544,64,16763,alaska,NA
-119.8665,24.51033,64,16794,alaska,NA
-119.86755,24.53825,64,16795,alaska,NA
-119.86805,26.70044,64,15679,alaska,NA
-119.88139,24.40552,64,16764,alaska,NA
-119.8819,28.87184,64,15841,alaska,NA
-119.88216,27.63151,64,15750,alaska,NA
-119.883,28.13742,64,15802,alaska,NA
-119.88334,26.27649,64,15647,alaska,NA
-119.88386,27.54819,64,15748,alaska,NA
-119.88458,24.47928,64,16767,alaska,NA
-119.88493,26.74315,64,15681,alaska,NA
-119.88591,28.15701,64,15803,alaska,NA
-119.89005,28.12694,64,15804,alaska,NA
-119.89119,24.53289,64,16796,alaska,NA
-119.89296,24.47043,64,16766,alaska,NA
-119.89347,24.34579,64,16772,alaska,NA
-119.89725,24.42818,64,16770,alaska,NA
-119.90254,24.48117,64,16768,alaska,NA
-119.90255,26.7217,64,15680,alaska,NA
-119.90605,28.78896,64,15838,alaska,NA
-119.90698,28.8371,64,15840,alaska,NA
-119.90904,28.12383,64,15806,alaska,NA
-119.90911,24.39114,64,16771,alaska,NA
-119.91044,24.38461,64,16773,alaska,NA
-119.92082,24.45225,64,16769,alaska,NA
-119.92143,26.64814,64,15673,alaska,NA
-119.92369,27.60145,64,15749,alaska,NA
-119.92889,26.58379,64,15674,alaska,NA
-119.92939,27.44715,64,15742,alaska,NA
-119.93108,24.34525,64,16774,alaska,NA
-119.93901,26.69267,64,15678,alaska,NA
-119.94421,26.6945,64,15682,alaska,NA
-119.94448,24.45686,64,16792,alaska,NA
-119.94578,26.66487,64,15672,alaska,NA
-119.95238,27.55732,64,15747,alaska,NA
-119.95547,24.44138,64,16791,alaska,NA
-119.95575,24.47303,64,16793,alaska,NA
-119.96227,24.34086,64,16775,alaska,NA
-119.96604,27.32317,64,15736,alaska,NA
-119.96847,24.37599,64,16777,alaska,NA
-119.97131,27.35817,64,15738,alaska,NA
-119.9715,28.82903,64,15837,alaska,NA
-119.9718,27.32636,64,15734,alaska,NA
-119.97667,27.46993,64,15745,alaska,NA
-119.98149,24.36715,64,16776,alaska,NA
-119.98204,27.34084,64,15737,alaska,NA
-119.98357,24.46618,64,16789,alaska,NA
-119.99304,27.40073,64,15743,alaska,NA
-119.99359,27.49034,64,15746,alaska,NA
-119.99728,27.373,64,15740,alaska,NA
-119.99765,24.43914,64,16790,alaska,NA
-119.99816,24.34544,64,16781,alaska,NA
-119.99881,27.46928,64,15744,alaska,NA
-120.00102,27.30579,64,15735,alaska,NA
-120.00167,26.63375,64,15670,alaska,NA
-120.00609,26.6721,64,15669,alaska,NA
-120.00643,24.23916,71,17257,alaska,NA
-120.00702,27.38379,64,15741,alaska,NA
-120.00852,27.35052,64,15739,alaska,NA
-120.01115,27.37227,64,15732,alaska,NA
-120.01233,27.34685,64,15733,alaska,NA
-120.01463,28.46213,64,15820,alaska,NA
-120.01735,26.36158,64,15650,alaska,NA
-120.02258,24.42741,64,16778,alaska,NA
-120.02469,24.2792,71,17256,alaska,NA
-120.02506,26.29577,64,15648,alaska,NA
-120.03145,24.37872,64,16780,alaska,NA
-120.03558,24.41166,64,16779,alaska,NA
-120.03947,24.35623,64,16787,alaska,NA
-120.04026,27.01183,64,15706,alaska,NA
-120.04061,26.34126,64,15649,alaska,NA
-120.04844,26.58444,64,15671,alaska,NA
-120.04862,24.33911,64,16784,alaska,NA
-120.04919,27.37451,64,15731,alaska,NA
-120.05149,28.79398,64,15836,alaska,NA
-120.05293,24.42239,64,16788,alaska,NA
-120.05597,26.70402,64,15683,alaska,NA
-120.06048,24.35827,64,16786,alaska,NA
-120.06512,28.47634,64,15819,alaska,NA
-120.06518,24.34282,64,16785,alaska,NA
-120.06631,26.7363,64,15684,alaska,NA
-120.06848,26.72921,64,15666,alaska,NA
-120.07004,24.30058,64,16782,alaska,NA
-120.07095,28.76426,64,15835,alaska,NA
-120.07101,24.28652,71,17255,alaska,NA
-120.0716,26.96292,64,15705,alaska,NA
-120.07228,26.40251,64,15651,alaska,NA
-120.07356,24.27799,71,17258,alaska,NA
-120.07428,24.31865,64,16783,alaska,NA
-120.07598,26.69384,64,15668,alaska,NA
-120.07961,26.81057,64,15691,alaska,NA
-120.08216,26.7055,64,15667,alaska,NA
-120.08577,28.46551,64,15818,alaska,NA
-120.08667,28.44606,64,15817,alaska,NA
-120.08747,28.748,64,15833,alaska,NA
-120.09098,24.24105,71,17259,alaska,NA
-120.09738,28.21005,64,15807,alaska,NA
-120.09778,28.51948,64,15821,alaska,NA
-120.09828,28.32905,64,15809,alaska,NA
-120.09846,28.76543,64,15834,alaska,NA
-120.09973,24.39591,71,17254,alaska,NA
-120.1019,26.49999,64,15653,alaska,NA
-120.10377,28.42677,64,15816,alaska,NA
-120.10734,26.71603,64,15665,alaska,NA
-120.10811,26.47357,64,15652,alaska,NA
-120.10813,26.74842,64,15685,alaska,NA
-120.11442,26.70737,64,15663,alaska,NA
-120.11982,28.72953,64,15832,alaska,NA
-120.12028,26.75197,64,15686,alaska,NA
-120.12147,26.81591,64,15692,alaska,NA
-120.12195,26.74186,64,15664,alaska,NA
-120.12777,26.48821,64,15654,alaska,NA
-120.12777,28.27037,64,15808,alaska,NA
-120.12787,28.42422,64,15815,alaska,NA
-120.12791,24.22488,71,17260,alaska,NA
-120.1283,26.85615,64,15695,alaska,NA
-120.13087,26.74612,64,15687,alaska,NA
-120.13187,26.85756,64,15697,alaska,NA
-120.13196,26.93883,64,15704,alaska,NA
-120.13286,26.94493,64,15707,alaska,NA
-120.13446,26.79536,64,15693,alaska,NA
-120.13625,26.91621,64,15703,alaska,NA
-120.13953,26.87556,64,15696,alaska,NA
-120.14036,28.37626,64,15810,alaska,NA
-120.14129,28.49373,64,15813,alaska,NA
-120.14678,26.90331,64,15701,alaska,NA
-120.14763,26.6542,64,15661,alaska,NA
-120.14774,26.688,64,15662,alaska,NA
-120.14791,26.83628,64,15698,alaska,NA
-120.14815,26.7366,64,15688,alaska,NA
-120.1508,24.40366,71,17253,alaska,NA
-120.15178,26.87977,64,15700,alaska,NA
-120.15276,26.59201,64,15658,alaska,NA
-120.1537,26.88444,64,15709,alaska,NA
-120.1539,26.74383,64,15689,alaska,NA
-120.15609,26.82423,64,15694,alaska,NA
-120.15682,26.90628,64,15702,alaska,NA
-120.16207,26.90912,64,15708,alaska,NA
-120.16397,28.44151,64,15814,alaska,NA
-120.16407,28.46765,64,15812,alaska,NA
-120.16446,28.43585,64,15811,alaska,NA
-120.16507,26.56217,64,15657,alaska,NA
-120.16691,26.76021,64,15690,alaska,NA
-120.16702,28.74176,64,15831,alaska,NA
-120.1788,26.53393,64,15655,alaska,NA
-120.18279,26.84082,64,15711,alaska,NA
-120.18401,27.11905,64,15728,alaska,NA
-120.18537,26.8586,64,15699,alaska,NA
-120.18709,27.22472,64,15730,alaska,NA
-120.18848,26.55658,64,15656,alaska,NA
-120.19178,26.86237,64,15710,alaska,NA
-120.19394,26.80732,64,15712,alaska,NA
-120.20463,27.17847,64,15729,alaska,NA
-120.20505,26.57916,64,15659,alaska,NA
-120.20709,28.68471,64,15829,alaska,NA
-120.20951,28.71199,64,15830,alaska,NA
-120.22413,26.89535,64,15715,alaska,NA
-120.22559,28.56168,64,15822,alaska,NA
-120.22582,27.05911,64,15725,alaska,NA
-120.23278,24.37433,71,17252,alaska,NA
-120.23293,26.82917,64,15713,alaska,NA
-120.23391,26.87929,64,15714,alaska,NA
-120.23467,26.60586,64,15660,alaska,NA
-120.24237,26.99344,64,15719,alaska,NA
-120.24358,26.96863,64,15718,alaska,NA
-120.25328,24.23204,71,17244,alaska,NA
-120.25328,24.23204,71,17261,alaska,NA
-120.25341,24.34486,71,17251,alaska,NA
-120.25534,28.68785,64,15828,alaska,NA
-120.2559,28.70552,64,15825,alaska,NA
-120.25782,27.00945,64,15720,alaska,NA
-120.26606,27.07977,64,15726,alaska,NA
-120.26859,26.91951,64,15716,alaska,NA
-120.27265,26.9547,64,15717,alaska,NA
-120.27787,27.11702,64,15727,alaska,NA
-120.29016,26.38173,70,17231,alaska,NA
-120.29181,28.68239,64,15826,alaska,NA
-120.2963,27.07839,64,15723,alaska,NA
-120.29708,27.04668,64,15724,alaska,NA
-120.29819,26.50905,70,17227,alaska,NA
-120.29844,28.66144,64,15827,alaska,NA
-120.30422,24.17203,71,17245,alaska,NA
-120.30456,26.99253,64,15721,alaska,NA
-120.30717,28.64085,64,15823,alaska,NA
-120.30731,28.6791,64,15824,alaska,NA
-120.30824,26.35293,70,17232,alaska,NA
-120.30829,26.4312,70,17229,alaska,NA
-120.31033,24.36125,71,17250,alaska,NA
-120.31111,27.03012,64,15722,alaska,NA
-120.31514,26.45943,70,17228,alaska,NA
-120.32011,26.42015,70,17230,alaska,NA
-120.36232,24.15637,71,17246,alaska,NA
-120.36562,24.26728,71,17249,alaska,NA
-120.36801,26.53118,70,17226,alaska,NA
-120.37133,26.5645,70,17225,alaska,NA
-120.37133,26.5645,70,17243,alaska,NA
-120.40644,24.17406,71,17247,alaska,NA
-120.4095,26.32889,70,17234,alaska,NA
-120.41001,26.30754,70,17235,alaska,NA
-120.42209,24.2401,71,17248,alaska,NA
-120.42947,26.54414,70,17242,alaska,NA
-120.43582,26.34529,70,17233,alaska,NA
-120.44564,26.56158,70,17241,alaska,NA
-120.51046,26.53068,70,17240,alaska,NA
-120.52125,26.50175,70,17239,alaska,NA
-120.58898,26.42762,70,17236,alaska,NA
-120.61572,27.76955,68,17162,alaska,NA
-120.61962,26.46202,70,17237,alaska,NA
-120.63571,26.51917,70,17238,alaska,NA
-120.65586,27.71654,68,17163,alaska,NA
-120.69817,23.96906,95,17693,alaska,NA
-120.69866,27.78273,68,17161,alaska,NA
-120.72213,24.00722,75,17402,alaska,NA
-120.73114,24.02656,75,17400,alaska,NA
-120.73181,23.91878,95,17691,alaska,NA
-120.73181,23.91878,95,17694,alaska,NA
-120.73373,24.00071,75,17401,alaska,NA
-120.73436,27.74209,68,17164,alaska,NA
-120.74462,23.95554,95,17692,alaska,NA
-120.74554,23.90983,75,17410,alaska,NA
-120.7536,23.95086,75,17409,alaska,NA
-120.75388,24.04032,75,17398,alaska,NA
-120.75515,24.01755,75,17399,alaska,NA
-120.76496,23.92665,75,17408,alaska,NA
-120.77286,23.944,75,17407,alaska,NA
-120.77667,23.99604,75,17397,alaska,NA
-120.78826,23.95217,75,17404,alaska,NA
-120.7906,23.91928,75,17406,alaska,NA
-120.79859,23.95746,75,17403,alaska,NA
-120.80291,24.03142,75,17394,alaska,NA
-120.80505,23.89609,75,17411,alaska,NA
-120.8089,23.92959,75,17405,alaska,NA
-120.81045,23.97707,75,17396,alaska,NA
-120.81208,27.65916,68,17165,alaska,NA
-120.81501,24.01388,75,17395,alaska,NA
-120.8203,23.86076,75,17412,alaska,NA
-120.82075,27.90305,68,17159,alaska,NA
-120.82086,27.92717,68,17158,alaska,NA
-120.82129,27.7349,68,17166,alaska,NA
-120.83236,23.85746,75,17365,alaska,NA
-120.83236,23.85746,75,17414,alaska,NA
-120.8341,23.8856,75,17413,alaska,NA
-120.83427,27.88491,68,17160,alaska,NA
-120.83596,24.05252,75,17393,alaska,NA
-120.8384,23.93587,75,17390,alaska,NA
-120.83899,23.84152,75,17367,alaska,NA
-120.84599,23.86849,75,17366,alaska,NA
-120.84892,27.74745,68,17167,alaska,NA
-120.85034,27.97346,68,17157,alaska,NA
-120.85963,23.82965,75,17369,alaska,NA
-120.86291,23.87702,75,17368,alaska,NA
-120.86306,23.90188,75,17388,alaska,NA
-120.86529,23.93221,75,17389,alaska,NA
-120.87966,27.81067,68,17168,alaska,NA
-120.88145,23.93713,75,17387,alaska,NA
-120.88769,23.84539,75,17370,alaska,NA
-120.90261,23.86666,75,17382,alaska,NA
-120.90633,23.90299,75,17384,alaska,NA
-120.90803,23.95781,75,17391,alaska,NA
-120.91015,23.93811,75,17386,alaska,NA
-120.91051,27.97906,68,17156,alaska,NA
-120.91907,23.9247,75,17385,alaska,NA
-120.93231,24.00169,75,17392,alaska,NA
-120.94334,23.89854,75,17383,alaska,NA
-120.94677,23.82805,75,17371,alaska,NA
-120.94892,23.84816,75,17380,alaska,NA
-120.95136,23.86997,75,17381,alaska,NA
-120.96494,27.94674,68,17155,alaska,NA
-120.96625,27.90202,68,17169,alaska,NA
-120.98011,23.85365,75,17379,alaska,NA
-120.98755,23.82858,75,17378,alaska,NA
-121.00726,27.89871,68,17142,alaska,NA
-121.00726,27.89871,68,17170,alaska,NA
-121.0199,23.84468,75,17377,alaska,NA
-121.02412,23.81988,75,17376,alaska,NA
-121.02693,27.98577,68,17154,alaska,NA
-121.03255,23.7744,75,17372,alaska,NA
-121.03885,27.99215,68,17150,alaska,NA
-121.05625,27.99679,68,17151,alaska,NA
-121.05791,27.97722,68,17153,alaska,NA
-121.0653,27.9863,68,17152,alaska,NA
-121.06878,28.06069,68,17148,alaska,NA
-121.06952,23.83059,75,17375,alaska,NA
-121.07017,23.77148,75,17373,alaska,NA
-121.07188,28.02066,68,17149,alaska,NA
-121.07866,28.06153,68,17147,alaska,NA
-121.08039,27.86579,68,17143,alaska,NA
-121.08745,23.87749,78,17498,alaska,NA
-121.08745,23.87749,78,17511,alaska,NA
-121.09222,28.01409,68,17146,alaska,NA
-121.10444,23.83357,78,17499,alaska,NA
-121.10653,23.80301,75,17374,alaska,NA
-121.12184,27.8981,68,17144,alaska,NA
-121.12733,27.95637,68,17145,alaska,NA
-121.13055,23.9106,78,17510,alaska,NA
-121.20748,23.78917,78,17500,alaska,NA
-121.21081,23.88611,78,17509,alaska,NA
-121.22258,23.80077,78,17507,alaska,NA
-121.23449,23.83198,78,17508,alaska,NA
-121.25721,23.71983,78,17501,alaska,NA
-121.27991,23.81387,78,17506,alaska,NA
-121.32226,23.73746,78,17504,alaska,NA
-121.32405,23.76988,78,17505,alaska,NA
-121.35333,23.68972,78,17503,alaska,NA
-121.40959,23.64986,78,17502,alaska,NA
-121.50768,26.72374,89,17650,alaska,NA
-121.52199,26.72095,89,17643,alaska,NA
-121.52199,26.72095,89,17651,alaska,NA
-121.53306,26.76102,89,17649,alaska,NA
-121.57818,26.74274,89,17644,alaska,NA
-121.60734,26.81561,89,17648,alaska,NA
-121.60874,26.86517,89,17647,alaska,NA
-121.63831,26.84482,89,17646,alaska,NA
-121.64338,26.82793,89,17645,alaska,NA
-122.52063,23.6523,79,17513,alaska,NA
-122.5437,23.61718,79,17514,alaska,NA
-122.55113,23.69916,79,17512,alaska,NA
-122.55113,23.69916,79,17532,alaska,NA
-122.55988,23.5715,79,17516,alaska,NA
-122.57269,23.62344,79,17515,alaska,NA
-122.57969,23.63327,79,17530,alaska,NA
-122.62141,23.58296,79,17518,alaska,NA
-122.62187,23.67171,79,17531,alaska,NA
-122.63343,23.58948,79,17517,alaska,NA
-122.63431,23.56093,79,17519,alaska,NA
-122.64543,23.60597,79,17528,alaska,NA
-122.65034,23.56356,79,17521,alaska,NA
-122.6543,23.62303,79,17529,alaska,NA
-122.65434,23.58739,79,17520,alaska,NA
-122.66601,23.59432,79,17527,alaska,NA
-122.69711,23.58089,79,17522,alaska,NA
-122.70461,23.56257,79,17523,alaska,NA
-122.73751,23.61548,79,17526,alaska,NA
-122.77002,23.5861,79,17525,alaska,NA
-122.83994,23.59967,79,17524,alaska,NA
-123.09421,23.58978,83,17592,alaska,NA
-123.10331,23.548,83,17593,alaska,NA
-123.11099,23.65545,83,17589,alaska,NA
-123.11473,23.62577,83,17590,alaska,NA
-123.11849,23.56154,83,17594,alaska,NA
-123.14011,23.61047,83,17591,alaska,NA
-123.15331,23.61211,83,17587,alaska,NA
-123.1593,23.58476,83,17585,alaska,NA
-123.16148,23.65282,83,17588,alaska,NA
-123.17287,23.6056,83,17586,alaska,NA
-123.1853,23.58609,83,17583,alaska,NA
-123.19219,23.56465,83,17596,alaska,NA
-123.19474,23.51948,83,17595,alaska,NA
-123.20212,23.60575,83,17584,alaska,NA
-123.2274,23.51996,83,17581,alaska,NA
-123.2274,23.51996,83,17597,alaska,NA
-123.22892,23.55095,83,17582,alaska,NA
-123.3552,23.66684,85,17612,alaska,NA
-123.39956,23.65279,85,17613,alaska,NA
-123.40396,23.67219,85,17611,alaska,NA
-123.42097,23.7135,85,17610,alaska,NA
-123.43627,23.65309,85,17608,alaska,NA
-123.4406,23.58187,85,17606,alaska,NA
-123.4406,23.58187,85,17614,alaska,NA
-123.4768,23.62274,85,17607,alaska,NA
-123.48342,23.71364,85,17609,alaska,NA
